Course No,Course Name,Published Date,Language,Course Link
MPN10275,MPN Competency: Advanced Analytics for Data Analytics (MPN10275),10/6/2015 2:15,English,https://partneruniversity.microsoft.com/?whr=uri:MicrosoftAccount&courseId=10275
MPN10426,Microsoft Dynamics CRM Online for Presales Technical Specialists (MPN10426),10/7/2015 1:27,English,https://partneruniversity.microsoft.com/?whr=uri:MicrosoftAccount&courseId=10426
MPN11867,MPN Competency: Advanced Analytics for Data Analytics_zh-CN (MPN11867),9/29/2015 22:37,Chinese Simplified,https://partneruniversity.microsoft.com/?whr=uri:MicrosoftAccount&courseId=11867
MPN11869,MPN Competency: Advanced Analytics for Data Analytics_ja-JP (MPN11869),9/30/2015 23:55,Japanese,https://partneruniversity.microsoft.com/?whr=uri:MicrosoftAccount&courseId=11869
MPN2009,MPN Competency: Application Integration for Technical,9/29/2015 16:37,English,https://partneruniversity.microsoft.com/?whr=uri:MicrosoftAccount&courseId=12286
MPN2175,MPN Competency: Data Analytics and Data Platform in Cloud Platform for Technical,9/30/2015 12:45,English,https://partneruniversity.microsoft.com/?whr=uri:MicrosoftAccount&courseId=13735
MPN2176,MPN Competency: Cloud Platform for Technical (MPN2176),9/29/2015 15:58,English,https://partneruniversity.microsoft.com/?whr=uri:MicrosoftAccount&courseId=13736
MPN2178,MPN Competency: Data Analytics and Data Platform in Cloud Platform for Technical,9/29/2015 15:56,Japanese,https://partneruniversity.microsoft.com/?whr=uri:MicrosoftAccount&courseId=13738
MPN2181,MPN Competency: Data Analytics and Data Platform in Cloud Platform for Technical,9/29/2015 15:54,Chinese Simplified,https://partneruniversity.microsoft.com/?whr=uri:MicrosoftAccount&courseId=13740
MPN2184,MPN Competency: Data Analytics and Data Platform in Cloud Platform for Technical,9/29/2015 15:49,French,https://partneruniversity.microsoft.com/?whr=uri:MicrosoftAccount&courseId=13742
MPN2187,MPN Competency: Data Analytics and Data Platform in Cloud Platform for Technical,9/29/2015 15:46,German,https://partneruniversity.microsoft.com/?whr=uri:MicrosoftAccount&courseId=13744
MPN2190,MPN Competency: Data Analytics and Data Platform in Cloud Platform for Technical,9/29/2015 15:43,Portuguese (Brazil),https://partneruniversity.microsoft.com/?whr=uri:MicrosoftAccount&courseId=13746
MPN2193,MPN Competency: Data Analytics and Data Platform in Cloud Platform for Technical,9/29/2015 15:40,Spanish (Latin America),https://partneruniversity.microsoft.com/?whr=uri:MicrosoftAccount&courseId=13749
MPN13914,MPN Competency: Enterprise Mobility Offerings Assessment,9/29/2015 22:09,English,https://partneruniversity.microsoft.com/?whr=uri:MicrosoftAccount&courseId=13914
MPN13915,MPN Competency: Enterprise Mobility Offerings – Identity & Access Management Assessment,9/29/2015 22:13,English,https://partneruniversity.microsoft.com/?whr=uri:MicrosoftAccount&courseId=13915
MPN13916,MPN Competency: Enterprise Mobility Offerings – Mobile Device & Application Management Assessment,9/29/2015 22:17,English,https://partneruniversity.microsoft.com/?whr=uri:MicrosoftAccount&courseId=13916
MPN13917,MPN Competency: Enterprise Mobility Offerings – Information Protection Assessment,9/29/2015 22:24,English,https://partneruniversity.microsoft.com/?whr=uri:MicrosoftAccount&courseId=13917
MPN13918,MPN Competency: Enterprise Mobility Offerings – Cloud App Security Assessment,9/29/2015 22:30,English,https://partneruniversity.microsoft.com/?whr=uri:MicrosoftAccount&courseId=13918
MPN2356,MPN Competency: Application Development in Cloud Platform for Technical,10/1/2015 10:44,English,https://partneruniversity.microsoft.com/?whr=uri:MicrosoftAccount&courseId=13979
MPN2177,MPN Competency: Application Development in Cloud Platform for Technical,10/1/2015 10:42,Japanese,https://partneruniversity.microsoft.com/?whr=uri:MicrosoftAccount&courseId=13980
MPN2183,MPN Competency: Application Development in Cloud Platform for Technical,10/1/2015 10:29,French,https://partneruniversity.microsoft.com/?whr=uri:MicrosoftAccount&courseId=13983
MPN2180,MPN Competency: Application Development in Cloud Platform for Technical,10/1/2015 10:27,Chinese Simplified,https://partneruniversity.microsoft.com/?whr=uri:MicrosoftAccount&courseId=13984
14071,Demand Generation Essentials - Part 1 (14071),10/6/2015 17:08,English,https://partneruniversity.microsoft.com/?whr=uri:MicrosoftAccount&courseId=14071
MPN14123,MPN Competency: Enterprise Mobility Offerings Assessment,10/9/2015 18:38,Portuguese (Brazil),https://partneruniversity.microsoft.com/?whr=uri:MicrosoftAccount&courseId=14123
MPN14124,MPN Competency: Enterprise Mobility Offerings – Identity & Access Management Assessment,10/14/2015 10:36,Portuguese (Brazil),https://partneruniversity.microsoft.com/?whr=uri:MicrosoftAccount&courseId=14124
MPN14125,MPN Competency: Enterprise Mobility Offerings – Mobile Device & Application Management Assessment,10/14/2015 10:59,Portuguese (Brazil),https://partneruniversity.microsoft.com/?whr=uri:MicrosoftAccount&courseId=14125
MPN14126,MPN Competency: Enterprise Mobility Offerings – Information Protection Assessment,10/14/2015 10:38,Portuguese (Brazil),https://partneruniversity.microsoft.com/?whr=uri:MicrosoftAccount&courseId=14126
MPN14128,MPN Competency: Enterprise Mobility Offerings – Cloud App Security Assessment,10/14/2015 11:00,Portuguese (Brazil),https://partneruniversity.microsoft.com/?whr=uri:MicrosoftAccount&courseId=14128
MPN14136,MPN Competency: Enterprise Mobility Offerings Assessment,10/14/2015 10:48,French,https://partneruniversity.microsoft.com/?whr=uri:MicrosoftAccount&courseId=14136
MPN14137,MPN Competency: Enterprise Mobility Offerings – Identity & Access Management Assessment,10/14/2015 10:48,French,https://partneruniversity.microsoft.com/?whr=uri:MicrosoftAccount&courseId=14137
MPN14138,MPN Competency: Enterprise Mobility Offerings Assessment,10/14/2015 10:41,Spanish,https://partneruniversity.microsoft.com/?whr=uri:MicrosoftAccount&courseId=14138
MPN14139,MPN Competency: Enterprise Mobility Offerings – Mobile Device & Application Management Assessment,10/14/2015 10:46,French,https://partneruniversity.microsoft.com/?whr=uri:MicrosoftAccount&courseId=14139
MPN14140,MPN Competency: Enterprise Mobility Offerings – Information Protection Assessment,10/14/2015 10:44,French,https://partneruniversity.microsoft.com/?whr=uri:MicrosoftAccount&courseId=14140
MPN14142,MPN Competency: Enterprise Mobility Offerings – Cloud App Security Assessment,10/14/2015 10:43,French,https://partneruniversity.microsoft.com/?whr=uri:MicrosoftAccount&courseId=14142
MPN14145,MPN Competency: Enterprise Mobility Offerings – Identity & Access Management Assessment,10/14/2015 10:39,Spanish (Latin America),https://partneruniversity.microsoft.com/?whr=uri:MicrosoftAccount&courseId=14145
MPN14149,MPN Competency: Enterprise Mobility Offerings Assessment,10/14/2015 10:56,German,https://partneruniversity.microsoft.com/?whr=uri:MicrosoftAccount&courseId=14149
MPN14151,MPN Competency: Enterprise Mobility Offerings – Mobile Device & Application Management Assessment,10/14/2015 10:35,Spanish (Latin America),https://partneruniversity.microsoft.com/?whr=uri:MicrosoftAccount&courseId=14151
MPN14152,MPN Competency: Enterprise Mobility Offerings – Identity & Access Management Assessment,10/14/2015 10:57,German,https://partneruniversity.microsoft.com/?whr=uri:MicrosoftAccount&courseId=14152
MPN14154,MPN Competency: Enterprise Mobility Offerings – Mobile Device & Application Management Assessment,10/14/2015 10:58,German,https://partneruniversity.microsoft.com/?whr=uri:MicrosoftAccount&courseId=14154
MPN14156,MPN Competency: Enterprise Mobility Offerings – Information Protection Assessment,10/14/2015 10:33,Spanish (Latin America),https://partneruniversity.microsoft.com/?whr=uri:MicrosoftAccount&courseId=14156
MPN14160,MPN Competency: Enterprise Mobility Offerings – Information Protection Assessment,10/14/2015 10:55,German,https://partneruniversity.microsoft.com/?whr=uri:MicrosoftAccount&courseId=14160
MPN14166,MPN Competency: Enterprise Mobility Offerings – Cloud App Security Assessment,10/14/2015 10:54,German,https://partneruniversity.microsoft.com/?whr=uri:MicrosoftAccount&courseId=14166
MPN14169,MPN Competency: Enterprise Mobility Offerings – Cloud App Security Assessment,10/14/2015 10:30,Spanish (Latin America),https://partneruniversity.microsoft.com/?whr=uri:MicrosoftAccount&courseId=14169
MPN14170,Windows 10 - Learning Series (MPN14170),10/14/2015 20:24,English,https://partneruniversity.microsoft.com/?whr=uri:MicrosoftAccount&courseId=14170
MPN14171,MPN Competency: Enterprise Mobility Offerings Assessment,10/14/2015 8:19,Japanese,https://partneruniversity.microsoft.com/?whr=uri:MicrosoftAccount&courseId=14171
MPN14172,Partner Quotes_en-US (MPN14172),10/13/2015 10:32,English,https://partneruniversity.microsoft.com/?whr=uri:MicrosoftAccount&courseId=14172
MPN14173,MPN Competency: Enterprise Mobility Offerings Assessment,10/14/2015 10:53,Chinese Simplified,https://partneruniversity.microsoft.com/?whr=uri:MicrosoftAccount&courseId=14173
MPN14175,MPN Competency: Enterprise Mobility Offerings – Identity & Access Management Assessment,10/14/2015 10:53,Chinese Simplified,https://partneruniversity.microsoft.com/?whr=uri:MicrosoftAccount&courseId=14175
MPN14176,Traditional Volume Licensing_en-US (MPN14176),10/14/2015 8:24,English,https://partneruniversity.microsoft.com/?whr=uri:MicrosoftAccount&courseId=14176
MPN14177,MPN Competency: Enterprise Mobility Offerings – Mobile Device & Application Management Assessment,10/14/2015 10:52,Chinese Simplified,https://partneruniversity.microsoft.com/?whr=uri:MicrosoftAccount&courseId=14177
MPN14179,MPN Competency: Enterprise Mobility Offerings – Information Protection Assessment,10/14/2015 10:50,Chinese Simplified,https://partneruniversity.microsoft.com/?whr=uri:MicrosoftAccount&courseId=14179
MPN14180,MPN Competency: Enterprise Mobility Offerings – Cloud App Security Assessment,10/14/2015 10:49,Chinese Simplified,https://partneruniversity.microsoft.com/?whr=uri:MicrosoftAccount&courseId=14180
MPN14183,MPN Competency: Enterprise Mobility Offerings – Identity & Access Management Assessment,10/14/2015 8:17,Japanese,https://partneruniversity.microsoft.com/?whr=uri:MicrosoftAccount&courseId=14183
MPN14185,MPN Competency: Enterprise Mobility Offerings – Mobile Device & Application Management Assessment,10/14/2015 8:09,Japanese,https://partneruniversity.microsoft.com/?whr=uri:MicrosoftAccount&courseId=14185
MPN14186,MPN Competency: Enterprise Mobility Offerings – Information Protection Assessment,10/13/2015 20:30,Japanese,https://partneruniversity.microsoft.com/?whr=uri:MicrosoftAccount&courseId=14186
MPN14187,MPN Competency: Enterprise Mobility Offerings – Cloud App Security Assessment,10/14/2015 7:57,Japanese,https://partneruniversity.microsoft.com/?whr=uri:MicrosoftAccount&courseId=14187
MPN14349,MPN Competency: Big Data for Data Analytics (MPN14349),10/22/2015 10:53,English,https://partneruniversity.microsoft.com/?whr=uri:MicrosoftAccount&courseId=14349
MPN14350,MPN Competency: Business Intelligence for Data Analytics (MPN14350),10/23/2015 10:16,English,https://partneruniversity.microsoft.com/?whr=uri:MicrosoftAccount&courseId=14350
MPN14354,MPN Competency: Data Platform & Analytics Foundational for Data Platform Competency (MPN14354),10/23/2015 7:47,English,https://partneruniversity.microsoft.com/?whr=uri:MicrosoftAccount&courseId=14354
MPN14355,MPN Competency: SQL Server 2016 - Mission Critical and Hybrid (MPN14355),10/23/2015 10:21,English,https://partneruniversity.microsoft.com/?whr=uri:MicrosoftAccount&courseId=14355
MPN14356,MPN Competency: Data Platform & Analytics Foundational for Data Analytics Competency (MPN14356),10/23/2015 6:38,English,https://partneruniversity.microsoft.com/?whr=uri:MicrosoftAccount&courseId=14356
MPN14365,MPN Competency: Business Intelligence for Data Analytics_zh-CN (MPN14365),10/28/2015 14:45,Chinese Simplified,https://partneruniversity.microsoft.com/?whr=uri:MicrosoftAccount&courseId=14365
MPN14371,MPN Competency: Business Intelligence for Data Analytics_es-MX (MPN14371),10/28/2015 14:41,Spanish (Latin America),https://partneruniversity.microsoft.com/?whr=uri:MicrosoftAccount&courseId=14371
MPN14372,MPN Competency: Business Intelligence for Data Analytics_ja-JP (MPN14372),10/28/2015 14:48,Japanese,https://partneruniversity.microsoft.com/?whr=uri:MicrosoftAccount&courseId=14372
MPN14388,Skype for Business Partner Technical Training Series (MPN14388),10/28/2015 17:22,English,https://partneruniversity.microsoft.com/?whr=uri:MicrosoftAccount&courseId=14388
MPN14389,MPN Competency: SQL Server 2016 - Mission Critical and Hybrid_zh-CN (MPN14389),11/9/2015 19:42,Chinese Simplified,https://partneruniversity.microsoft.com/?whr=uri:MicrosoftAccount&courseId=14389
MPN14394,MPN Competency: SQL Server 2016 - Mission Critical and Hybrid_ja-JP (MPN14394),11/9/2015 20:01,Japanese,https://partneruniversity.microsoft.com/?whr=uri:MicrosoftAccount&courseId=14394
MPN14398,MPN Competency: SQL Server 2016 - Mission Critical and Hybrid_es-MX (MPN14398),11/9/2015 20:02,Spanish (Latin America),https://partneruniversity.microsoft.com/?whr=uri:MicrosoftAccount&courseId=14398
MPN14402,MPN Competency: Data Platform & Analytics Foundational for Data Analytics Competency_zh-CN(MPN14402),11/9/2015 19:55,Chinese Simplified,https://partneruniversity.microsoft.com/?whr=uri:MicrosoftAccount&courseId=14402
MPN14407,MPN Competency: Data Platform & Analytics Foundational for Data Analytics Competency_ja-JP(MPN14407),11/9/2015 19:43,Japanese,https://partneruniversity.microsoft.com/?whr=uri:MicrosoftAccount&courseId=14407
MPN14411,MPN Competency: Data Platform & Analytics Foundational for Data Analytics Competency_es-MX(MPN14411),11/9/2015 19:22,Spanish (Latin America),https://partneruniversity.microsoft.com/?whr=uri:MicrosoftAccount&courseId=14411
MPN14461,Software Assurance Training Voucher (SATV) (MPN14461),11/13/2015 11:48,English,https://partneruniversity.microsoft.com/?whr=uri:MicrosoftAccount&courseId=14461
MPN14462,Software Assurance Training Voucher (SATV)_de-DE (MPN14462),11/13/2015 20:44,German,https://partneruniversity.microsoft.com/?whr=uri:MicrosoftAccount&courseId=14462
MPN14463,Software Assurance Training Voucher (SATV)_es-MX (MPN14463),11/13/2015 20:42,Spanish,https://partneruniversity.microsoft.com/?whr=uri:MicrosoftAccount&courseId=14463
(MPN14464),Software Assurance Training Voucher (SATV)_ja-JP (MPN14464),11/13/2015 20:37,Japanese,https://partneruniversity.microsoft.com/?whr=uri:MicrosoftAccount&courseId=14464
MPN14465,Software Assurance Training Voucher (SATV)_fr-FR (MPN14465),11/13/2015 20:39,French,https://partneruniversity.microsoft.com/?whr=uri:MicrosoftAccount&courseId=14465
MPN14466,Software Assurance Training Voucher (SATV)_pt-BR (MPN14466),11/13/2015 20:35,Portuguese (Brazil),https://partneruniversity.microsoft.com/?whr=uri:MicrosoftAccount&courseId=14466
MPN14467,Software Assurance Training Voucher (SATV)_zh-CN (MPN14467),11/13/2015 20:33,Chinese Simplified,https://partneruniversity.microsoft.com/?whr=uri:MicrosoftAccount&courseId=14467
MPN14468,MPN Competency: Data Platform & Analytics Foundational for Data Platform Competency_ja-JP (MPN14468),11/18/2015 15:20,Japanese,https://partneruniversity.microsoft.com/?whr=uri:MicrosoftAccount&courseId=14468
MPN14470,MPN Competency: Big Data for Data Analytics_es-MX (MPN14470),11/18/2015 15:09,Spanish (Latin America),https://partneruniversity.microsoft.com/?whr=uri:MicrosoftAccount&courseId=14470
MPN14479,MPN Competency: Big Data for Data Analytics_ja-JP (MPN14479),11/18/2015 15:07,Japanese,https://partneruniversity.microsoft.com/?whr=uri:MicrosoftAccount&courseId=14479
MPN14481,MPN Competency: Big Data for Data Analytics_zh-CN (MPN14481),11/18/2015 15:11,Chinese Simplified,https://partneruniversity.microsoft.com/?whr=uri:MicrosoftAccount&courseId=14481
MPN14490,MPN Competency: Data Platform & Analytics Foundational for Data Platform Competency_es-MX (MPN14490),11/18/2015 15:27,Spanish,https://partneruniversity.microsoft.com/?whr=uri:MicrosoftAccount&courseId=14490
MPN14493,MPN Competency: Data Platform & Analytics Foundational for Data Platform Competency_zh-CN (MPN14493),11/18/2015 15:25,Chinese Simplified,https://partneruniversity.microsoft.com/?whr=uri:MicrosoftAccount&courseId=14493
MPN14715,E5 and Skype for Business – Volume Licensing L300 (MPN14715),12/22/2015 15:00,English,https://partneruniversity.microsoft.com/?whr=uri:MicrosoftAccount&courseId=14715
MPN15824,Office 365 Cloud Solution Provider (MPN15824),2/10/2016 16:24,English,https://partneruniversity.microsoft.com/?whr=uri:MicrosoftAccount&courseId=15824
MPN15887,MPN Competency: Windows IoT for Device Builders (MPN15887),3/3/2016 11:34,English,https://partneruniversity.microsoft.com/?whr=uri:MicrosoftAccount&courseId=15887
MPN16022,MPN Competency: Windows and Devices for Technical (MPN16022),2/29/2016 15:05,English,https://partneruniversity.microsoft.com/?whr=uri:MicrosoftAccount&courseId=16022
MPN16071,MPN Competency: Windows and Devices for Technical_de-DE (MPN16071),3/4/2016 15:49,German,https://partneruniversity.microsoft.com/?whr=uri:MicrosoftAccount&courseId=16071
MPN16072,MPN Competency: Windows and Devices for Technical_fr-FR (MPN16072),3/4/2016 20:32,French,https://partneruniversity.microsoft.com/?whr=uri:MicrosoftAccount&courseId=16072
MPN16078,MPN Competency: Windows and Devices for Technical_es-MX (MPN16078),3/4/2016 17:57,Spanish,https://partneruniversity.microsoft.com/?whr=uri:MicrosoftAccount&courseId=16078
MPN16080,MPN Competency: Windows and Devices for Technical_ja-JP (MPN16080),3/4/2016 20:16,Japanese,https://partneruniversity.microsoft.com/?whr=uri:MicrosoftAccount&courseId=16080
MPN16081,MPN Competency: Windows and Devices for Technical_zh-CN (MPN16081),3/4/2016 20:43,Chinese Simplified,https://partneruniversity.microsoft.com/?whr=uri:MicrosoftAccount&courseId=16081
MPN16082,MPN Competency: Windows and Devices for Technical_pt-BR (MPN16082),3/4/2016 22:54,Portuguese (Brazil),https://partneruniversity.microsoft.com/?whr=uri:MicrosoftAccount&courseId=16082
MPN16132,Software Assurance Planning Services (MPN16132),3/31/2016 16:46,English,https://partneruniversity.microsoft.com/?whr=uri:MicrosoftAccount&courseId=16132
MPN16133,Software Assurance Planning Services _Fr-FR (MPN16133),3/31/2016 16:45,French,https://partneruniversity.microsoft.com/?whr=uri:MicrosoftAccount&courseId=16133
MPN16134,Software Assurance Planning Services _de-DE (MPN16134),3/31/2016 16:38,German,https://partneruniversity.microsoft.com/?whr=uri:MicrosoftAccount&courseId=16134
MPN16135,Software Assurance Planning Services _ja-JP (MPN16135),3/31/2016 16:37,Japanese,https://partneruniversity.microsoft.com/?whr=uri:MicrosoftAccount&courseId=16135
MPN16136,Software Assurance Planning Services_pt-BR (MPN16136),3/31/2016 16:43,Portuguese (Brazil),https://partneruniversity.microsoft.com/?whr=uri:MicrosoftAccount&courseId=16136
MPN16137,Software Assurance Planning Services_zh-CN (MPN16137),3/31/2016 16:42,Chinese Simplified,https://partneruniversity.microsoft.com/?whr=uri:MicrosoftAccount&courseId=16137
MPN16138,Software Assurance Planning Services_es-MX (MPN16138),3/31/2016 16:40,Spanish (Latin America),https://partneruniversity.microsoft.com/?whr=uri:MicrosoftAccount&courseId=16138
16210,Demand Generation Essentials - Part 2 (16210),3/31/2016 13:06,English,https://partneruniversity.microsoft.com/?whr=uri:MicrosoftAccount&courseId=16210
MPN16233,MPN Competency: Windows IoT for Device Builders_de-DE (MPN16233),4/5/2016 16:57,German,https://partneruniversity.microsoft.com/?whr=uri:MicrosoftAccount&courseId=16233
MPN16234,MPN Competency: Windows IoT for Device Builders_es-MX (MPN16234),4/5/2016 16:45,Spanish (Latin America),https://partneruniversity.microsoft.com/?whr=uri:MicrosoftAccount&courseId=16234
MPN16235,MPN Competency: Windows IoT for Device Builders_fr-FR (MPN16235),4/5/2016 16:18,French,https://partneruniversity.microsoft.com/?whr=uri:MicrosoftAccount&courseId=16235
MPN16236,MPN Competency: Windows IoT for Device Builders_ja-JP (MPN16236),4/5/2016 16:40,Japanese,https://partneruniversity.microsoft.com/?whr=uri:MicrosoftAccount&courseId=16236
MPN16237,MPN Competency: Windows IoT for Device Builders_pt-BR (MPN16237),4/5/2016 16:13,Portuguese (Brazil),https://partneruniversity.microsoft.com/?whr=uri:MicrosoftAccount&courseId=16237
MPN16238,MPN Competency: Windows IoT for Device Builders_zh-CN (MPN16238),4/5/2016 17:05,Chinese Simplified,https://partneruniversity.microsoft.com/?whr=uri:MicrosoftAccount&courseId=16238
MPN16252,MPN Competency: Azure IoT Technical (MPN16252),4/5/2016 17:07,English,https://partneruniversity.microsoft.com/?whr=uri:MicrosoftAccount&courseId=16252
MPN16253,MPN Competency: Azure IoT Technical_zh-CN (MPN16253),4/5/2016 17:13,Chinese Simplified,https://partneruniversity.microsoft.com/?whr=uri:MicrosoftAccount&courseId=16253
MPN16258,MPN Competency: Azure IoT Technical_fr-FR (MPN16258),4/5/2016 17:21,French,https://partneruniversity.microsoft.com/?whr=uri:MicrosoftAccount&courseId=16258
MPN16259,MPN Competency: Azure IoT Technical_de-DE (MPN16259),4/6/2016 13:33,German,https://partneruniversity.microsoft.com/?whr=uri:MicrosoftAccount&courseId=16259
MPN16260,MPN Competency: Azure IoT Technical_ja-JP (MPN16260),4/5/2016 17:24,Japanese,https://partneruniversity.microsoft.com/?whr=uri:MicrosoftAccount&courseId=16260
MPN16261,MPN Competency: Azure IoT Technical_pt-BR (MPN16261),4/5/2016 17:18,Portuguese (Brazil),https://partneruniversity.microsoft.com/?whr=uri:MicrosoftAccount&courseId=16261
MPN16263,MPN Competency: Azure IoT Technical_es-MX (MPN16263),4/5/2016 17:16,Spanish (Latin America),https://partneruniversity.microsoft.com/?whr=uri:MicrosoftAccount&courseId=16263
MPN16508,Licensing on Demand: SQL Server 2016 L100 (MPN16508),6/9/2016 15:34,English,https://partneruniversity.microsoft.com/?whr=uri:MicrosoftAccount&courseId=16508
MPN16545,Pitch Perfect Seller: Digital Transformation with Microsoft Secure (MPN16545),6/24/2016 16:33,English,https://partneruniversity.microsoft.com/?whr=uri:MicrosoftAccount&courseId=16545
MPN16571,Hosting Windows Desktop and Applications using Remote Desktop Services in Azure (MPN16571),7/8/2016 13:40,English,https://partneruniversity.microsoft.com/?whr=uri:MicrosoftAccount&courseId=16571
MPN16583,Hosting Windows Desktop and Applications using Remote Desktop Services in Azure_fr-FR (MPN16583),7/8/2016 13:47,French,https://partneruniversity.microsoft.com/?whr=uri:MicrosoftAccount&courseId=16583
MPN16584,Hosting Windows Desktop and Applications using Remote Desktop Services in Azure_de-DE (MPN16584),7/8/2016 14:09,German,https://partneruniversity.microsoft.com/?whr=uri:MicrosoftAccount&courseId=16584
MPN16585,Hosting Windows Desktop and Applications using Remote Desktop Services in Azure_ja-JP (MPN16585),7/8/2016 12:51,Japanese,https://partneruniversity.microsoft.com/?whr=uri:MicrosoftAccount&courseId=16585
MPN16586,Hosting Windows Desktop and Applications using Remote Desktop Services in Azure_zh-CN (MPN16586),7/8/2016 13:10,Chinese Simplified,https://partneruniversity.microsoft.com/?whr=uri:MicrosoftAccount&courseId=16586
MPN16587,Hosting Windows Desktop and Applications using Remote Desktop Services in Azure_pt-BR (MPN16587),7/8/2016 14:12,Portuguese (Brazil),https://partneruniversity.microsoft.com/?whr=uri:MicrosoftAccount&courseId=16587
MPN16588,Hosting Windows Desktop and Applications using Remote Desktop Services in Azure_es-MX (MPN16588),7/8/2016 14:14,Spanish (Latin America),https://partneruniversity.microsoft.com/?whr=uri:MicrosoftAccount&courseId=16588
MPN16619,What’s New with Windows - Windows 10 Volume Licensing (MPN16619),8/1/2016 12:49,English,https://partneruniversity.microsoft.com/?whr=uri:MicrosoftAccount&courseId=16619
MPN16622,C+E University: Enterprise Mobility Suite (MPN16622),8/3/2016 13:45,English,https://partneruniversity.microsoft.com/?whr=uri:MicrosoftAccount&courseId=16622
MPN16722,MPN Competency: Microsoft Surface Hub for IT Pros (MPN16722),9/1/2016 14:38,English,https://partneruniversity.microsoft.com/?whr=uri:MicrosoftAccount&courseId=16722
MPN16723,MPN Competency: Microsoft Surface Hub for IT Pros_de-DE (MPN16723),9/1/2016 15:00,German,https://partneruniversity.microsoft.com/?whr=uri:MicrosoftAccount&courseId=16723
MPN16724,MPN Competency: Microsoft Surface Hub for IT Pros_fr-FR (MPN16724),9/1/2016 14:49,French,https://partneruniversity.microsoft.com/?whr=uri:MicrosoftAccount&courseId=16724
MPN16728,MPN Competency: Microsoft Surface Hub for IT Pros_pt-BR (MPN16728),9/1/2016 17:03,Portuguese (Brazil),https://partneruniversity.microsoft.com/?whr=uri:MicrosoftAccount&courseId=16728
MPN16738,MPN Competency: Microsoft Surface Hub for IT Pros_ja-JP (MPN16738),9/1/2016 16:46,Japanese,https://partneruniversity.microsoft.com/?whr=uri:MicrosoftAccount&courseId=16738
MPN16739,MPN Competency: Microsoft Surface Hub for IT Pros_es-MX (MPN16739),9/1/2016 15:10,Spanish (Latin America),https://partneruniversity.microsoft.com/?whr=uri:MicrosoftAccount&courseId=16739
MPN16740,MPN Competency: Microsoft Surface Hub for IT Pros_zh-CN (MPN16740),9/1/2016 14:52,Chinese Simplified,https://partneruniversity.microsoft.com/?whr=uri:MicrosoftAccount&courseId=16740
MPN16750,Pitch Perfect Seller: Digital Transformation with Azure (MPN16750),9/7/2016 12:41,English,https://partneruniversity.microsoft.com/?whr=uri:MicrosoftAccount&courseId=16750
MPN16780,Volume Licensing Readiness: Windows Server 2016 and System Center 2016 (MPN16780),9/14/2016 12:18,English,https://partneruniversity.microsoft.com/?whr=uri:MicrosoftAccount&courseId=16780
MPN16798,Introducing Secure Productive Enterprise (MPN16798),9/19/2016 14:46,English,https://partneruniversity.microsoft.com/?whr=uri:MicrosoftAccount&courseId=16798
MPN16802,Skype Operations Framework Assessment (MPN16802),9/22/2016 13:21,English,https://partneruniversity.microsoft.com/?whr=uri:MicrosoftAccount&courseId=16802
16808,Microsoft Azure - Modern offers and Licensing (16808),9/29/2016 9:37,English,https://partneruniversity.microsoft.com/?whr=uri:MicrosoftAccount&courseId=16808
MPN16833,MPN Competency: Enterprise Mobility Offerings for Technical,12/1/2016 14:59,English,https://partneruniversity.microsoft.com/?whr=uri:MicrosoftAccount&courseId=16833
MPN16834,MPN Competency: Enterprise Mobility Offerings – Identity & Access Management for Technical,12/1/2016 14:20,English,https://partneruniversity.microsoft.com/?whr=uri:MicrosoftAccount&courseId=16834
MPN16837,MPN Competency: Enterprise Mobility Offerings – Information Protection for Technical (MPN16837),12/1/2016 14:27,English,https://partneruniversity.microsoft.com/?whr=uri:MicrosoftAccount&courseId=16837
MPN16838,MPN Competency: Enterprise Mobility Offerings – Cloud App Security for Technical (MPN16838),12/1/2016 15:10,English,https://partneruniversity.microsoft.com/?whr=uri:MicrosoftAccount&courseId=16838
MPN16839,MPN Competency: Enterprise Mobility Offerings – Mobile Device & Application Management for Technical,12/1/2016 14:35,English,https://partneruniversity.microsoft.com/?whr=uri:MicrosoftAccount&courseId=16839
16867,C+E University: Cloud Infrastructure (16867),10/21/2016 20:32,English,https://partneruniversity.microsoft.com/?whr=uri:MicrosoftAccount&courseId=16867
MPN16885,C+E University: Cloud Application Development Online (MPN16885),10/28/2016 14:01,English,https://partneruniversity.microsoft.com/?whr=uri:MicrosoftAccount&courseId=16885
MPN16971,An Introduction to Dynamics 365 Pricing & Licensing (MPN16971),12/7/2016 13:51,English,https://partneruniversity.microsoft.com/?whr=uri:MicrosoftAccount&courseId=16971
MPN17008,Pitch Perfect: Azure (MPN17008),12/21/2016 19:19,English,https://partneruniversity.microsoft.com/?whr=uri:MicrosoftAccount&courseId=17008
MPN17094,Azure Active Directory Sync and Connect Issues (MPN17094),1/24/2017 23:51,English,https://partneruniversity.microsoft.com/?whr=uri:MicrosoftAccount&courseId=17094
MPN17117,Transition to Dynamics 365 (MPN17117),1/18/2017 13:04,English,https://partneruniversity.microsoft.com/?whr=uri:MicrosoftAccount&courseId=17117
MPN17118,Pitch Perfect Seller: Digital Transformation with Secure Productive Enterprise (SPE) (MPN17118),1/19/2017 13:42,English,https://partneruniversity.microsoft.com/?whr=uri:MicrosoftAccount&courseId=17118
MPN17128,Pitch Perfect Seller: Digital Transformation with Dynamics 365 (MPN17128),1/23/2017 13:57,English,https://partneruniversity.microsoft.com/?whr=uri:MicrosoftAccount&courseId=17128
MPN17139,Azure Active Directory Multi-Factor Authentication (MPN17139),1/24/2017 23:48,English,https://partneruniversity.microsoft.com/?whr=uri:MicrosoftAccount&courseId=17139
MPN17140,Azure Basics for Partner Support Agents: Azure Portals (MPN17140),1/26/2017 9:19,English,https://partneruniversity.microsoft.com/?whr=uri:MicrosoftAccount&courseId=17140
MPN17141,Azure Active Directory Single Sign-On (MPN17141),1/25/2017 13:12,English,https://partneruniversity.microsoft.com/?whr=uri:MicrosoftAccount&courseId=17141
MPN17158,Azure Basics for Partner Support Agents: Cloud Computing Overview (MPN17158),1/25/2017 19:02,English,https://partneruniversity.microsoft.com/?whr=uri:MicrosoftAccount&courseId=17158
MPN17160,C+E University: IoT Online (MPN17160),1/26/2017 15:13,English,https://partneruniversity.microsoft.com/?whr=uri:MicrosoftAccount&courseId=17160
MPN17282,Readiness Edge – Office 365 Germany (MPN17282),3/6/2017 13:06,German,https://partneruniversity.microsoft.com/?whr=uri:MicrosoftAccount&courseId=17282
MPN17295,Data Science and Python (MPN17295),3/15/2017 13:41,English,https://partneruniversity.microsoft.com/?whr=uri:MicrosoftAccount&courseId=17295
MPN17296,SQL database training: Introduction to Azure SQL Database (MPN17296),3/14/2017 20:50,English,https://partneruniversity.microsoft.com/?whr=uri:MicrosoftAccount&courseId=17296
MPN17297,Intelligent Systems (MPN17297),3/15/2017 17:47,English,https://partneruniversity.microsoft.com/?whr=uri:MicrosoftAccount&courseId=17297
MPN17298,Data Science Essentials (MPN17298),3/14/2017 20:44,English,https://partneruniversity.microsoft.com/?whr=uri:MicrosoftAccount&courseId=17298
MPN17299,Azure SQL Elastic Databases (MPN17299),3/15/2017 13:13,English,https://partneruniversity.microsoft.com/?whr=uri:MicrosoftAccount&courseId=17299
MPN17300,Data Science Orientation (MPN17300),3/14/2017 20:45,English,https://partneruniversity.microsoft.com/?whr=uri:MicrosoftAccount&courseId=17300
MPN17301,Team Data Science Process (TDSP) (MPN17301),3/14/2017 20:52,English,https://partneruniversity.microsoft.com/?whr=uri:MicrosoftAccount&courseId=17301
MPN17302,Learn Data Lake Analytics (MPN17302),3/15/2017 17:51,English,https://partneruniversity.microsoft.com/?whr=uri:MicrosoftAccount&courseId=17302
MPN17303,Azure SQL Migration (MPN17303),3/15/2017 13:17,English,https://partneruniversity.microsoft.com/?whr=uri:MicrosoftAccount&courseId=17303
MPN17305,R and Data (MPN17305),3/17/2017 10:45,English,https://partneruniversity.microsoft.com/?whr=uri:MicrosoftAccount&courseId=17305
MPN17306,Analyzing and Visualizing Data with Power BI (MPN17306),3/16/2017 16:23,English,https://partneruniversity.microsoft.com/?whr=uri:MicrosoftAccount&courseId=17306
MPN17307,Azure SQL Recovery (MPN17307),3/15/2017 13:26,English,https://partneruniversity.microsoft.com/?whr=uri:MicrosoftAccount&courseId=17307
MPN17308,Analyzing and Visualizing Data with Excel (MPN17308),3/16/2017 16:25,English,https://partneruniversity.microsoft.com/?whr=uri:MicrosoftAccount&courseId=17308
MPN17309,Development and SQL (MPN17309),3/15/2017 13:30,English,https://partneruniversity.microsoft.com/?whr=uri:MicrosoftAccount&courseId=17309
MPN17310,Introduction to Data Analysis with Excel (MPN17310),3/16/2017 16:26,English,https://partneruniversity.microsoft.com/?whr=uri:MicrosoftAccount&courseId=17310
17311,Applied Machine Learning (17311),3/15/2017 17:31,English,https://partneruniversity.microsoft.com/?whr=uri:MicrosoftAccount&courseId=17311
MPN17312,Securing Azure SQL (MPN17312),3/15/2017 13:35,English,https://partneruniversity.microsoft.com/?whr=uri:MicrosoftAccount&courseId=17312
MPN17313,Machine Learning Principles (MPN17313),3/15/2017 17:30,English,https://partneruniversity.microsoft.com/?whr=uri:MicrosoftAccount&courseId=17313
MPN17314,Overview of Big Data and Machine Learning (MPN17314),3/15/2017 17:55,English,https://partneruniversity.microsoft.com/?whr=uri:MicrosoftAccount&courseId=17314
MPN17315,SQL Server on an Azure Virtual Machine (MPN17315),3/16/2017 15:18,English,https://partneruniversity.microsoft.com/?whr=uri:MicrosoftAccount&courseId=17315
MPN17316,HDInsight Related Technology Information (MPN17316),3/15/2017 17:57,English,https://partneruniversity.microsoft.com/?whr=uri:MicrosoftAccount&courseId=17316
MPN17317,Processing Big Data with Hadoop in Azure HDInsight (MPN17317),3/16/2017 14:33,English,https://partneruniversity.microsoft.com/?whr=uri:MicrosoftAccount&courseId=17317
MPN17318,Microsoft Azure HDInsight Big Data Analyst (MPN17318),3/16/2017 14:31,English,https://partneruniversity.microsoft.com/?whr=uri:MicrosoftAccount&courseId=17318
MPN17319,Implementing Real-Time Analysis with Hadoop in Azure HDInsight (MPN17319),3/16/2017 14:28,English,https://partneruniversity.microsoft.com/?whr=uri:MicrosoftAccount&courseId=17319
MPN17320,Hadoop Meets the Cloud: Scenarios for HDInsight (MPN17320),3/14/2017 20:22,English,https://partneruniversity.microsoft.com/?whr=uri:MicrosoftAccount&courseId=17320
MPN17321,Implementing HDInsight (MPN17321),3/14/2017 20:20,English,https://partneruniversity.microsoft.com/?whr=uri:MicrosoftAccount&courseId=17321
MPN17322,Cortana (MPN17322),3/14/2017 20:19,English,https://partneruniversity.microsoft.com/?whr=uri:MicrosoftAccount&courseId=17322
MPN17323,Operationalizing Solutions with Azure Data Factory (MPN17323),3/14/2017 20:15,English,https://partneruniversity.microsoft.com/?whr=uri:MicrosoftAccount&courseId=17323
MPN17324,Data Factory (MPN17324),3/14/2017 19:58,English,https://partneruniversity.microsoft.com/?whr=uri:MicrosoftAccount&courseId=17324
MPN17325,Data Lake (MPN17325),3/14/2017 19:54,English,https://partneruniversity.microsoft.com/?whr=uri:MicrosoftAccount&courseId=17325
MPN17326,Introduction to Big Data (MPN17326),3/14/2017 19:52,English,https://partneruniversity.microsoft.com/?whr=uri:MicrosoftAccount&courseId=17326
MPN17327,DocumentDB (MPN17327),3/15/2017 17:28,English,https://partneruniversity.microsoft.com/?whr=uri:MicrosoftAccount&courseId=17327
MPN17331,Overview of Big Data and Advanced Analytics (MPN17331),3/14/2017 19:49,English,https://partneruniversity.microsoft.com/?whr=uri:MicrosoftAccount&courseId=17331
MPN17333,Hands-On with Azure Machine Learning (MPN17333),3/17/2017 10:42,English,https://partneruniversity.microsoft.com/?whr=uri:MicrosoftAccount&courseId=17333
MPN17334,SQL vNext (MPN17334),3/15/2017 17:34,English,https://partneruniversity.microsoft.com/?whr=uri:MicrosoftAccount&courseId=17334
MPN17336,Azure SQL Migration (Advanced) (MPN17336),3/15/2017 13:18,English,https://partneruniversity.microsoft.com/?whr=uri:MicrosoftAccount&courseId=17336
MPN17339,The Digital CIO: Now is your time to lead business transformation (MPN17339),3/8/2017 18:03,English,https://partneruniversity.microsoft.com/?whr=uri:MicrosoftAccount&courseId=17339
MPN17340,Engage your Customers for the Financial Sector (MPN17340),3/8/2017 18:05,English,https://partneruniversity.microsoft.com/?whr=uri:MicrosoftAccount&courseId=17340
MPN17341,Empower your Employees for the Financial Sector (MPN17341),3/8/2017 18:02,English,https://partneruniversity.microsoft.com/?whr=uri:MicrosoftAccount&courseId=17341
MPN17342,Optimize your Operations for the Financial Sector (MPN17342),3/8/2017 18:00,English,https://partneruniversity.microsoft.com/?whr=uri:MicrosoftAccount&courseId=17342
MPN17343,Engage your Customers for the Manufacturing and Resources Sector (MPN17343),3/8/2017 17:57,English,https://partneruniversity.microsoft.com/?whr=uri:MicrosoftAccount&courseId=17343
MPN17344,Empower your Employees for the Manufacturing and Resources Sector (MPN17344),3/8/2017 17:58,English,https://partneruniversity.microsoft.com/?whr=uri:MicrosoftAccount&courseId=17344
MPN17345,Optimize your Operations for the Manufacturing and Resources Sector (MPN17345),3/8/2017 17:55,English,https://partneruniversity.microsoft.com/?whr=uri:MicrosoftAccount&courseId=17345
MPN17346,Transform your Products for the Manufacturing and Resources Sector (MPN17346),3/8/2017 17:50,English,https://partneruniversity.microsoft.com/?whr=uri:MicrosoftAccount&courseId=17346
MPN17347,Transforming retail for the digital age (MPN17347),3/8/2017 17:47,English,https://partneruniversity.microsoft.com/?whr=uri:MicrosoftAccount&courseId=17347
MPN17348,Engage your Customers for the Retail and Consumer Goods Sector (MPN17348),3/8/2017 17:43,English,https://partneruniversity.microsoft.com/?whr=uri:MicrosoftAccount&courseId=17348
MPN17349,Empower your Employees for the Retail and Consumer Goods Sector (MPN17349),3/8/2017 17:40,English,https://partneruniversity.microsoft.com/?whr=uri:MicrosoftAccount&courseId=17349
MPN17350,Optimize your Operations for the Retail and Consumer Goods Sector (MPN17350),3/8/2017 17:29,English,https://partneruniversity.microsoft.com/?whr=uri:MicrosoftAccount&courseId=17350
MPN17351,Engage your Customers for the Communications and Media Sector (MPN17351),3/8/2017 17:32,English,https://partneruniversity.microsoft.com/?whr=uri:MicrosoftAccount&courseId=17351
MPN17352,Optimize your Operations for the Communications and Media Sector (MPN17352),3/8/2017 17:11,English,https://partneruniversity.microsoft.com/?whr=uri:MicrosoftAccount&courseId=17352
MPN17353,Engage your Customers for the Health Sector (MPN17353),3/8/2017 17:14,English,https://partneruniversity.microsoft.com/?whr=uri:MicrosoftAccount&courseId=17353
MPN17385,MongoDB and Redis Caching (MPN17385),3/16/2017 14:55,English,https://partneruniversity.microsoft.com/?whr=uri:MicrosoftAccount&courseId=17385
MPN17391,Internet of Things for Sales (MPN17391),3/16/2017 14:49,English,https://partneruniversity.microsoft.com/?whr=uri:MicrosoftAccount&courseId=17391
MPN17392,Drumbeat sales training for Windows 10 (MPN17392),3/20/2017 12:51,English,https://partneruniversity.microsoft.com/?whr=uri:MicrosoftAccount&courseId=17392
MPN17413,Azure Introduction (MPN17413),3/28/2017 18:58,English,https://partneruniversity.microsoft.com/?whr=uri:MicrosoftAccount&courseId=17413
MPN17414,Azure Batch (MPN17414),3/28/2017 18:03,English,https://partneruniversity.microsoft.com/?whr=uri:MicrosoftAccount&courseId=17414
MPN17416,DevOps Testing (MPN17416),3/28/2017 17:58,English,https://partneruniversity.microsoft.com/?whr=uri:MicrosoftAccount&courseId=17416
MPN17417,DevOps for Developers (MPN17417),3/28/2017 18:56,English,https://partneruniversity.microsoft.com/?whr=uri:MicrosoftAccount&courseId=17417
MPN17418,Development & Test (MPN17418),3/28/2017 17:55,English,https://partneruniversity.microsoft.com/?whr=uri:MicrosoftAccount&courseId=17418
MPN17419,Identity Management and Azure Active Directory – Developing Apps (MPN17419),3/28/2017 17:48,English,https://partneruniversity.microsoft.com/?whr=uri:MicrosoftAccount&courseId=17419
MPN17420,DevOps Deployment (MPN17420),3/28/2017 18:15,English,https://partneruniversity.microsoft.com/?whr=uri:MicrosoftAccount&courseId=17420
MPN17421,DevOps on Azure PaaS (MPN17421),3/28/2017 18:06,English,https://partneruniversity.microsoft.com/?whr=uri:MicrosoftAccount&courseId=17421
MPN17422,PowerShell and CLI (MPN17422),3/28/2017 17:33,English,https://partneruniversity.microsoft.com/?whr=uri:MicrosoftAccount&courseId=17422
MPN17423,Cloud Application Development and Tools (MPN17423),3/28/2017 19:15,English,https://partneruniversity.microsoft.com/?whr=uri:MicrosoftAccount&courseId=17423
MPN17424,GitHub (MPN17424),3/28/2017 17:20,English,https://partneruniversity.microsoft.com/?whr=uri:MicrosoftAccount&courseId=17424
MPN17425,API Management (MPN17425),3/28/2017 19:13,English,https://partneruniversity.microsoft.com/?whr=uri:MicrosoftAccount&courseId=17425
MPN17426,.NET (MPN17426),3/28/2017 17:05,English,https://partneruniversity.microsoft.com/?whr=uri:MicrosoftAccount&courseId=17426
MPN17427,App Service Mobile Apps (Beginners) (MPN17427),3/28/2017 19:09,English,https://partneruniversity.microsoft.com/?whr=uri:MicrosoftAccount&courseId=17427
MPN17428,Node.js (MPN17428),3/28/2017 17:03,English,https://partneruniversity.microsoft.com/?whr=uri:MicrosoftAccount&courseId=17428
MPN17429,Development Tools (Python/PHP) (MPN17429),3/28/2017 16:47,English,https://partneruniversity.microsoft.com/?whr=uri:MicrosoftAccount&courseId=17429
MPN17430,App Service Mobile Apps (Intermediate) (MPN17430),3/28/2017 19:08,English,https://partneruniversity.microsoft.com/?whr=uri:MicrosoftAccount&courseId=17430
MPN17431,Xamarin (MPN17431),3/28/2017 16:26,English,https://partneruniversity.microsoft.com/?whr=uri:MicrosoftAccount&courseId=17431
MPN17432,App Service Web Apps (Beginners) (MPN17432),3/28/2017 19:06,English,https://partneruniversity.microsoft.com/?whr=uri:MicrosoftAccount&courseId=17432
MPN17433,Containers and Docker (MPN17433),3/28/2017 16:20,English,https://partneruniversity.microsoft.com/?whr=uri:MicrosoftAccount&courseId=17433
MPN17434,App Service Web Apps (Advanced) (MPN17434),3/28/2017 19:03,English,https://partneruniversity.microsoft.com/?whr=uri:MicrosoftAccount&courseId=17434
MPN17435,Office University: Office 365 Security Partner Training (MPN17435),3/27/2017 14:15,English,https://partneruniversity.microsoft.com/?whr=uri:MicrosoftAccount&courseId=17435
MPN17442,Building Mobile Backend (MPN17442),3/28/2017 18:10,English,https://partneruniversity.microsoft.com/?whr=uri:MicrosoftAccount&courseId=17442
MPN17443,Building with Nanoservices (MPN17443),3/28/2017 18:37,English,https://partneruniversity.microsoft.com/?whr=uri:MicrosoftAccount&courseId=17443
MPN17444,Messaging and Event Hubs (MPN17444),3/28/2017 17:50,English,https://partneruniversity.microsoft.com/?whr=uri:MicrosoftAccount&courseId=17444
MPN17445,Azure Functions (MPN17445),3/28/2017 18:42,English,https://partneruniversity.microsoft.com/?whr=uri:MicrosoftAccount&courseId=17445
MPN17446,Build New Microservices (MPN17446),3/28/2017 18:51,English,https://partneruniversity.microsoft.com/?whr=uri:MicrosoftAccount&courseId=17446
MPN17447,Azure Media Services (MPN17447),3/28/2017 17:27,English,https://partneruniversity.microsoft.com/?whr=uri:MicrosoftAccount&courseId=17447
MPN17448,Developing using Azure Service Fabric (MPN17448),3/28/2017 16:57,English,https://partneruniversity.microsoft.com/?whr=uri:MicrosoftAccount&courseId=17448
MPN17449,Azure Service Fabric Design (MPN17449),3/28/2017 16:14,English,https://partneruniversity.microsoft.com/?whr=uri:MicrosoftAccount&courseId=17449
MPN17456,Engage your Customer for the Government Sector (MPN17456),3/29/2017 15:30,English,https://partneruniversity.microsoft.com/?whr=uri:MicrosoftAccount&courseId=17456
MPN17490,Azure Data Services (MPN17490),4/10/2017 14:39,English,https://partneruniversity.microsoft.com/?whr=uri:MicrosoftAccount&courseId=17490
MPN17491,Massively Parallel Processing with ADW (Azure Data Warehouse) (MPN17491),4/11/2017 12:55,English,https://partneruniversity.microsoft.com/?whr=uri:MicrosoftAccount&courseId=17491
MPN17492,Azure Data Services_es-MX (MPN17492),4/19/2017 8:58,Spanish,https://partneruniversity.microsoft.com/?whr=uri:MicrosoftAccount&courseId=17492
MPN17493,Azure Data Services_ja-JP (MPN17493),4/19/2017 8:56,Japanese,https://partneruniversity.microsoft.com/?whr=uri:MicrosoftAccount&courseId=17493
MPN17494,Azure Data Services_zh-CN (MPN17494),4/19/2017 9:01,Chinese Simplified,https://partneruniversity.microsoft.com/?whr=uri:MicrosoftAccount&courseId=17494
MPN17495,Massively Parallel Processing with ADW (Azure Data Warehouse)_es-MX (MPN17495),4/19/2017 9:10,Spanish,https://partneruniversity.microsoft.com/?whr=uri:MicrosoftAccount&courseId=17495
MPN17497,Massively Parallel Processing with ADW (Azure Data Warehouse)_zh-CN (MPN17497),4/19/2017 9:09,Chinese Simplified,https://partneruniversity.microsoft.com/?whr=uri:MicrosoftAccount&courseId=17497
MPN17498,Massively Parallel Processing with ADW (Azure Data Warehouse)_ja-JP (MPN17498),4/19/2017 9:04,Japanese,https://partneruniversity.microsoft.com/?whr=uri:MicrosoftAccount&courseId=17498
MPN17504,Infrastructure and workload availability (MPN17504),4/10/2017 17:35,English,https://partneruniversity.microsoft.com/?whr=uri:MicrosoftAccount&courseId=17504
MPN17505,Azure Introduction for IT Pros (MPN17505),4/10/2017 15:54,English,https://partneruniversity.microsoft.com/?whr=uri:MicrosoftAccount&courseId=17505
MPN17506,Data Services (MPN17506),4/10/2017 17:38,English,https://partneruniversity.microsoft.com/?whr=uri:MicrosoftAccount&courseId=17506
MPN17507,Web and Mobile Apps (MPN17507),4/10/2017 19:18,English,https://partneruniversity.microsoft.com/?whr=uri:MicrosoftAccount&courseId=17507
MPN17508,Azure Solution Design (MPN17508),4/10/2017 15:57,English,https://partneruniversity.microsoft.com/?whr=uri:MicrosoftAccount&courseId=17508
MPN17509,High Performance Computing on Azure (MPN17509),4/10/2017 17:30,English,https://partneruniversity.microsoft.com/?whr=uri:MicrosoftAccount&courseId=17509
MPN17511,Azure Virtual Networks I (MPN17511),4/10/2017 19:20,English,https://partneruniversity.microsoft.com/?whr=uri:MicrosoftAccount&courseId=17511
MPN17512,Azure Virtual Network Load Balancing (MPN17512),4/10/2017 19:23,English,https://partneruniversity.microsoft.com/?whr=uri:MicrosoftAccount&courseId=17512
MPN17513,Azure IaaS Introduction and Overview (MPN17513),4/10/2017 16:52,English,https://partneruniversity.microsoft.com/?whr=uri:MicrosoftAccount&courseId=17513
MPN17514,Azure Virtual Machines (MPN17514),4/10/2017 19:37,English,https://partneruniversity.microsoft.com/?whr=uri:MicrosoftAccount&courseId=17514
MPN17515,Azure Virtual Networks II (MPN17515),4/10/2017 19:25,English,https://partneruniversity.microsoft.com/?whr=uri:MicrosoftAccount&courseId=17515
MPN17516,Microsoft Azure IaaS Architecture Best Practices for ARM (MPN17516),4/10/2017 19:29,English,https://partneruniversity.microsoft.com/?whr=uri:MicrosoftAccount&courseId=17516
MPN17517,Advanced Azure Virtual Machines (MPN17517),4/10/2017 16:59,English,https://partneruniversity.microsoft.com/?whr=uri:MicrosoftAccount&courseId=17517
MPN17518,Advanced Azure Virtual Machine Scaling (MPN17518),4/10/2017 19:31,English,https://partneruniversity.microsoft.com/?whr=uri:MicrosoftAccount&courseId=17518
MPN17519,Azure Storage (MPN17519),4/10/2017 17:04,English,https://partneruniversity.microsoft.com/?whr=uri:MicrosoftAccount&courseId=17519
MPN17520,Advanced Azure Storage with StorSimple (MPN17520),4/10/2017 19:34,English,https://partneruniversity.microsoft.com/?whr=uri:MicrosoftAccount&courseId=17520
MPN17521,Azure Virtual Machines and Azure Resource Manager (ARM) (MPN17521),4/10/2017 17:01,English,https://partneruniversity.microsoft.com/?whr=uri:MicrosoftAccount&courseId=17521
MPN17530,Hybrid IT Management (MPN17530),4/11/2017 12:44,English,https://partneruniversity.microsoft.com/?whr=uri:MicrosoftAccount&courseId=17530
MPN17531,Azure Active Directory (MPN17531),4/11/2017 12:28,English,https://partneruniversity.microsoft.com/?whr=uri:MicrosoftAccount&courseId=17531
MPN17532,Azure Identity with AAD (MPN17532),4/11/2017 12:51,English,https://partneruniversity.microsoft.com/?whr=uri:MicrosoftAccount&courseId=17532
MPN17533,Cloud Security (MPN17533),4/11/2017 12:40,English,https://partneruniversity.microsoft.com/?whr=uri:MicrosoftAccount&courseId=17533
MPN17534,Insights & Analytics (MPN17534),4/11/2017 12:31,English,https://partneruniversity.microsoft.com/?whr=uri:MicrosoftAccount&courseId=17534
MPN17535,Azure Identity and Security (MPN17535),4/11/2017 12:35,English,https://partneruniversity.microsoft.com/?whr=uri:MicrosoftAccount&courseId=17535
MPN17536,Azure Workload Management (MPN17536),4/11/2017 12:48,English,https://partneruniversity.microsoft.com/?whr=uri:MicrosoftAccount&courseId=17536
MPN17537,Azure Automation (MPN17537),4/11/2017 12:46,English,https://partneruniversity.microsoft.com/?whr=uri:MicrosoftAccount&courseId=17537
MPN17538,PowerShell and CLI (MPN17538),4/11/2017 12:38,English,https://partneruniversity.microsoft.com/?whr=uri:MicrosoftAccount&courseId=17538
MPN17539,MPN Competency: Advanced Analytics for Data Analytics_es-MX (MPN17539),4/19/2017 8:48,Spanish (Latin America),https://partneruniversity.microsoft.com/?whr=uri:MicrosoftAccount&courseId=17539
MPN17571,Microsoft 365 - The Benefits and Features of Windows 10 (MPN17571),4/19/2017 8:41,English,https://partneruniversity.microsoft.com/?whr=uri:MicrosoftAccount&courseId=17571
MPN17575,Hybrid Cloud Management and Security (MPN17575),4/20/2017 16:37,English,https://partneruniversity.microsoft.com/?whr=uri:MicrosoftAccount&courseId=17575
MPN17576,Hybrid Cloud Management and Security_zh-CN (MPN17576),4/20/2017 16:40,Chinese Simplified,https://partneruniversity.microsoft.com/?whr=uri:MicrosoftAccount&courseId=17576
MPN17577,Hybrid Cloud Management and Security_ja-JP (MPN17577),4/20/2017 16:39,Japanese,https://partneruniversity.microsoft.com/?whr=uri:MicrosoftAccount&courseId=17577
MPN17579,Hybrid Cloud Management and Security_es-MX (MPN17579),4/20/2017 16:38,Spanish (Latin America),https://partneruniversity.microsoft.com/?whr=uri:MicrosoftAccount&courseId=17579
MPN17582,Windows as a Service (WaaS) Q3 Update (MPN17582),4/19/2017 16:30,English,https://partneruniversity.microsoft.com/?whr=uri:MicrosoftAccount&courseId=17582
MPN17583,Cloud + Enterprise Monthly Updates for 2017 (MPN17583),4/19/2017 16:31,English,https://partneruniversity.microsoft.com/?whr=uri:MicrosoftAccount&courseId=17583
MPN17584,Windows 10 Analytics (MPN17584),4/19/2017 16:22,English,https://partneruniversity.microsoft.com/?whr=uri:MicrosoftAccount&courseId=17584
MPN17585,Privileged Identity Management (MPN17585),4/20/2017 16:42,English,https://partneruniversity.microsoft.com/?whr=uri:MicrosoftAccount&courseId=17585
MPN17586,EMS Overview and Deployment (MPN17586),4/20/2017 15:42,English,https://partneruniversity.microsoft.com/?whr=uri:MicrosoftAccount&courseId=17586
MPN17587,Microsoft Intune and Azure (MPN17587),4/20/2017 15:47,English,https://partneruniversity.microsoft.com/?whr=uri:MicrosoftAccount&courseId=17587
MPN17596,Security and Compliance with EMS (MPN17596),4/20/2017 15:48,English,https://partneruniversity.microsoft.com/?whr=uri:MicrosoftAccount&courseId=17596
MPN17597,Azure Security Center (MPN17597),4/20/2017 15:50,English,https://partneruniversity.microsoft.com/?whr=uri:MicrosoftAccount&courseId=17597
MPN17598,Introduction to Security in EMS (MPN17598),4/20/2017 15:31,English,https://partneruniversity.microsoft.com/?whr=uri:MicrosoftAccount&courseId=17598
MPN17599,"Enterprise Mobility Suite: Beyond Bring Your Own Device"" (MPN17599)""",4/20/2017 15:51,English,https://partneruniversity.microsoft.com/?whr=uri:MicrosoftAccount&courseId=17599
MPN17600,Identity Driven Security with EMS (MPN17600),4/20/2017 15:46,English,https://partneruniversity.microsoft.com/?whr=uri:MicrosoftAccount&courseId=17600
MPN17601,"Mobile Productivity, Security, and Management (MPN17601)",4/20/2017 15:52,English,https://partneruniversity.microsoft.com/?whr=uri:MicrosoftAccount&courseId=17601
MPN17602,Cloud App and Data Security (MPN17602),4/20/2017 16:43,English,https://partneruniversity.microsoft.com/?whr=uri:MicrosoftAccount&courseId=17602
MPN17603,Azure Identity (MPN17603),4/20/2017 15:36,English,https://partneruniversity.microsoft.com/?whr=uri:MicrosoftAccount&courseId=17603
MPN17605,Azure Rights Management (MPN17605),4/20/2017 15:59,English,https://partneruniversity.microsoft.com/?whr=uri:MicrosoftAccount&courseId=17605
MPN17606,Azure Active Directory Identity Protection (MPN17606),4/20/2017 16:41,English,https://partneruniversity.microsoft.com/?whr=uri:MicrosoftAccount&courseId=17606
17610,C+E University: Data Platform Online (17610),4/25/2017 12:11,English,https://partneruniversity.microsoft.com/?whr=uri:MicrosoftAccount&courseId=17610
MPN17623,IoT Hub (MPN17623),5/2/2017 13:28,English,https://partneruniversity.microsoft.com/?whr=uri:MicrosoftAccount&courseId=17623
MPN17624,Azure IoT Suite and Preconfigured Solutions (MPN17624),5/2/2017 13:51,English,https://partneruniversity.microsoft.com/?whr=uri:MicrosoftAccount&courseId=17624
MPN17625,IoT Analytics (MPN17625),5/2/2017 13:34,English,https://partneruniversity.microsoft.com/?whr=uri:MicrosoftAccount&courseId=17625
MPN17626,Securing your IoT Environment (MPN17626),5/2/2017 13:37,English,https://partneruniversity.microsoft.com/?whr=uri:MicrosoftAccount&courseId=17626
MPN17627,IoT and Development (MPN17627),5/2/2017 13:46,English,https://partneruniversity.microsoft.com/?whr=uri:MicrosoftAccount&courseId=17627
MPN17628,Getting Started with IoT Development (MPN17628),5/2/2017 13:49,English,https://partneruniversity.microsoft.com/?whr=uri:MicrosoftAccount&courseId=17628
MPN17629,IoT Architecture (MPN17629),5/2/2017 13:44,English,https://partneruniversity.microsoft.com/?whr=uri:MicrosoftAccount&courseId=17629
MPN17630,IoT Fundamentals (MPN17630),5/2/2017 13:32,English,https://partneruniversity.microsoft.com/?whr=uri:MicrosoftAccount&courseId=17630
MPN17645,Cloud Data Warehouse (MPN17645),5/9/2017 14:48,English,https://partneruniversity.microsoft.com/?whr=uri:MicrosoftAccount&courseId=17645
MPN17660,Introduction to Pitch Perfect for Coaches (MPN17660),5/18/2017 15:59,English,https://partneruniversity.microsoft.com/?whr=uri:MicrosoftAccount&courseId=17660
MPN17661,Introduction to Pitch Perfect for Sellers (MPN17661),5/18/2017 16:02,English,https://partneruniversity.microsoft.com/?whr=uri:MicrosoftAccount&courseId=17661
MPN17662,Pitch Perfect Coach: Digital Transformation with Microsoft Secure (MPN17662),5/23/2017 13:33,English,https://partneruniversity.microsoft.com/?whr=uri:MicrosoftAccount&courseId=17662
MPN17663,Pitch Perfect Coach: Digital Transformation with Dynamics 365 (MPN17663),5/18/2017 16:06,English,https://partneruniversity.microsoft.com/?whr=uri:MicrosoftAccount&courseId=17663
MPN17664,Pitch Perfect Coach: Digital Transformation with Azure (MPN17664),5/18/2017 16:09,English,https://partneruniversity.microsoft.com/?whr=uri:MicrosoftAccount&courseId=17664
MPN17665,Pitch Perfect Coach: Digital Transformation with Secure Productive Enterprise (SPE) (MPN17665),5/20/2017 0:34,English,https://partneruniversity.microsoft.com/?whr=uri:MicrosoftAccount&courseId=17665
MPN17669,Windows 10 Onboarding for Sales (MPN17669),5/24/2017 13:27,English,https://partneruniversity.microsoft.com/?whr=uri:MicrosoftAccount&courseId=17669
MPN17670,Windows 10 Week 2 On-boarding (MPN17670),5/31/2017 15:44,English,https://partneruniversity.microsoft.com/?whr=uri:MicrosoftAccount&courseId=17670
MPN17671,Windows 10 Week 4 On-boarding (MPN17671),5/23/2017 13:46,English,https://partneruniversity.microsoft.com/?whr=uri:MicrosoftAccount&courseId=17671
MPN17672,Windows 10 Week 3 On-boarding (MPN17672),5/23/2017 17:51,English,https://partneruniversity.microsoft.com/?whr=uri:MicrosoftAccount&courseId=17672
MPN17681,Windows 10 Week 5 On-boarding (MPN17681),5/23/2017 17:53,English,https://partneruniversity.microsoft.com/?whr=uri:MicrosoftAccount&courseId=17681
MPN17686,Azure Pathfinder (MPN17686),5/24/2017 17:19,English,https://partneruniversity.microsoft.com/?whr=uri:MicrosoftAccount&courseId=17686
MPN17687,Economic Benefits of Azure (MPN17687),5/24/2017 17:17,English,https://partneruniversity.microsoft.com/?whr=uri:MicrosoftAccount&courseId=17687
MPN17688,Partner Portal Introduction (MPN17688),5/24/2017 17:15,English,https://partneruniversity.microsoft.com/?whr=uri:MicrosoftAccount&courseId=17688
MPN17715,Microsoft’s Ethics & Integrity Training (MPN17715),6/6/2017 2:18,English,https://partneruniversity.microsoft.com/?whr=uri:MicrosoftAccount&courseId=17715
MPN17717,Fundamentals of Skype for Business (MPN17717),6/14/2017 16:12,English,https://partneruniversity.microsoft.com/?whr=uri:MicrosoftAccount&courseId=17717
MPN17718,Enterprise Voice Planning and Deployment (MPN17718),6/14/2017 16:20,English,https://partneruniversity.microsoft.com/?whr=uri:MicrosoftAccount&courseId=17718
MPN17719,Skype for Business Cloud and Hybrid (MPN17719),6/14/2017 16:21,English,https://partneruniversity.microsoft.com/?whr=uri:MicrosoftAccount&courseId=17719
MPN17720,Skype for Business Networking (MPN17720),6/14/2017 16:22,English,https://partneruniversity.microsoft.com/?whr=uri:MicrosoftAccount&courseId=17720
MPN17721,Troubleshooting Skype for Business (MPN17721),6/14/2017 16:23,English,https://partneruniversity.microsoft.com/?whr=uri:MicrosoftAccount&courseId=17721
MPN17732,Exam 70-532 Prep: Create & manage Azure Resource Manager Virtual Machines,6/9/2017 15:29,English,https://partneruniversity.microsoft.com/?whr=uri:MicrosoftAccount&courseId=17732
MPN17733,Exam 70-533 Prep: Create & manage Azure Resource Manager Virtual Machines,6/9/2017 15:33,English,https://partneruniversity.microsoft.com/?whr=uri:MicrosoftAccount&courseId=17733
MPN17735,Exam 70-533 Prep: Design and implement Azure App Service apps,6/9/2017 15:31,English,https://partneruniversity.microsoft.com/?whr=uri:MicrosoftAccount&courseId=17735
MPN17737,Exam 70-533 Prep: Design and deploy ARM templates,6/9/2017 15:24,English,https://partneruniversity.microsoft.com/?whr=uri:MicrosoftAccount&courseId=17737
MPN17738,Exam 70-534 Prep: Design Azure Resource Manager (ARM) networking,6/9/2017 15:22,English,https://partneruniversity.microsoft.com/?whr=uri:MicrosoftAccount&courseId=17738
MPN17739,Exam 70-534 Prep: Architect an Azure Compute infrastructure,6/9/2017 15:21,English,https://partneruniversity.microsoft.com/?whr=uri:MicrosoftAccount&courseId=17739
MPN17740,Exam 70-475 Prep: Design big data real-time processing solutions,6/9/2017 15:19,English,https://partneruniversity.microsoft.com/?whr=uri:MicrosoftAccount&courseId=17740
MPN17749,Exam 70-532 Prep: Design and implement a storage and data strategy,6/9/2017 15:37,English,https://partneruniversity.microsoft.com/?whr=uri:MicrosoftAccount&courseId=17749
MPN17750,"Exam 70-532 Prep: Manage identity, application, and network services",6/12/2017 13:25,English,https://partneruniversity.microsoft.com/?whr=uri:MicrosoftAccount&courseId=17750
MPN17751,Exam 70-532 Prep: Design & implement Azure PaaS compute/web/mobile services,6/9/2017 15:49,English,https://partneruniversity.microsoft.com/?whr=uri:MicrosoftAccount&courseId=17751
MPN17761,Exam 70-475 Prep: Operationalize end-to-end cloud analytics solutions,6/14/2017 12:37,English,https://partneruniversity.microsoft.com/?whr=uri:MicrosoftAccount&courseId=17761
MPN17762,Exam 70-473 Prep: Monitor and manage database implementations on Azure,6/13/2017 1:03,English,https://partneruniversity.microsoft.com/?whr=uri:MicrosoftAccount&courseId=17762
MPN17763,Exam 70-475 Prep: Design big data batch processing & interactive solutions,6/12/2017 16:02,English,https://partneruniversity.microsoft.com/?whr=uri:MicrosoftAccount&courseId=17763
MPN17764,Exam 70-473 Prep: Design for high availability/disaster recovery/scalability,6/13/2017 1:06,English,https://partneruniversity.microsoft.com/?whr=uri:MicrosoftAccount&courseId=17764
MPN17765,Exam 70-473 Prep: Manage database management systems (DBMS) security,6/13/2017 1:07,English,https://partneruniversity.microsoft.com/?whr=uri:MicrosoftAccount&courseId=17765
MPN17766,Exam 70-473 Prep: Design and implement SQL database solutions,6/13/2017 13:32,English,https://partneruniversity.microsoft.com/?whr=uri:MicrosoftAccount&courseId=17766
MPN17767,Exam 70-534 Prep: Design a management/monitoring/business continuity strategy,6/13/2017 13:31,English,https://partneruniversity.microsoft.com/?whr=uri:MicrosoftAccount&courseId=17767
MPN17768,Exam 70-534 Prep: Design Azure Web and Mobile Apps,6/13/2017 16:10,English,https://partneruniversity.microsoft.com/?whr=uri:MicrosoftAccount&courseId=17768
MPN17769,Exam 70-534 Prep: Design advanced applications,6/13/2017 16:17,English,https://partneruniversity.microsoft.com/?whr=uri:MicrosoftAccount&courseId=17769
MPN17773,Exam 70-534 Prep: Design an application storage and data access strategy,6/13/2017 16:08,English,https://partneruniversity.microsoft.com/?whr=uri:MicrosoftAccount&courseId=17773
MPN17774,Exam 70-534 Prep: Secure resources,6/13/2017 15:04,English,https://partneruniversity.microsoft.com/?whr=uri:MicrosoftAccount&courseId=17774
MPN17775,Exam 70-533 Prep: Implement virtual networks,6/13/2017 16:19,English,https://partneruniversity.microsoft.com/?whr=uri:MicrosoftAccount&courseId=17775
MPN17776,Exam 70-533 Prep: Implement an Azure Active Directory,6/13/2017 15:58,English,https://partneruniversity.microsoft.com/?whr=uri:MicrosoftAccount&courseId=17776
MPN17777,Exam 70-533 Prep: Design and implement a storage strategy,6/13/2017 15:51,English,https://partneruniversity.microsoft.com/?whr=uri:MicrosoftAccount&courseId=17777
MPN17779,Managing Skype for Business (MPN17779),6/14/2017 15:53,English,https://partneruniversity.microsoft.com/?whr=uri:MicrosoftAccount&courseId=17779
MPN17780,Skype for Business Development (MPN17780),6/14/2017 15:47,English,https://partneruniversity.microsoft.com/?whr=uri:MicrosoftAccount&courseId=17780
MPN17781,Skype for Business Deployment (MPN17781),6/14/2017 15:44,English,https://partneruniversity.microsoft.com/?whr=uri:MicrosoftAccount&courseId=17781
MPN17782,SharePoint Online Administration (MPN17782),6/14/2017 16:13,English,https://partneruniversity.microsoft.com/?whr=uri:MicrosoftAccount&courseId=17782
MPN17784,SharePoint Online Deployment (MPN17784),6/14/2017 15:30,English,https://partneruniversity.microsoft.com/?whr=uri:MicrosoftAccount&courseId=17784
MPN17785,SharePoint Online Security (MPN17785),6/14/2017 15:26,English,https://partneruniversity.microsoft.com/?whr=uri:MicrosoftAccount&courseId=17785
MPN17786,SharePoint Development (MPN17786),6/14/2017 15:36,English,https://partneruniversity.microsoft.com/?whr=uri:MicrosoftAccount&courseId=17786
MPN17787,SharePoint 2016 Deployment (MPN17787),6/14/2017 15:23,English,https://partneruniversity.microsoft.com/?whr=uri:MicrosoftAccount&courseId=17787
MPN17788,SharePoint Enterprise Content Management (MPN17788),6/14/2017 15:19,English,https://partneruniversity.microsoft.com/?whr=uri:MicrosoftAccount&courseId=17788
MPN17789,SharePoint 2016 Security (MPN17789),6/14/2017 15:16,English,https://partneruniversity.microsoft.com/?whr=uri:MicrosoftAccount&courseId=17789
MPN17816,Microsoft’s Ethics & Integrity Training (MPN17816),7/10/2017 9:40,English,https://partneruniversity.microsoft.com/?whr=uri:MicrosoftAccount&courseId=17816
MPN17817,Microsoft’s Ethics & Integrity Training (MPN17817),7/7/2017 13:36,English,https://partneruniversity.microsoft.com/?whr=uri:MicrosoftAccount&courseId=17817
MPN17818,Microsoft’s Ethics & Integrity Training (MPN17818),7/10/2017 9:23,English,https://partneruniversity.microsoft.com/?whr=uri:MicrosoftAccount&courseId=17818
MPN17824,Windows Server 2016 Virtualization (MPN17824),7/12/2017 16:21,English,https://partneruniversity.microsoft.com/?whr=uri:MicrosoftAccount&courseId=17824
MPN17825,Windows Server 2016 Storage (MPN17825),7/13/2017 14:31,English,https://partneruniversity.microsoft.com/?whr=uri:MicrosoftAccount&courseId=17825
MPN17826,Windows Server 2016 Networking (MPN17826),7/12/2017 16:25,English,https://partneruniversity.microsoft.com/?whr=uri:MicrosoftAccount&courseId=17826
MPN17827,Windows Server 2016 Infrastructure and Management (MPN17827),7/12/2017 16:29,English,https://partneruniversity.microsoft.com/?whr=uri:MicrosoftAccount&courseId=17827
MPN17828,Windows Server 2016 Directory Services (MPN17828),7/12/2017 16:35,English,https://partneruniversity.microsoft.com/?whr=uri:MicrosoftAccount&courseId=17828
MPN17829,Windows Server 2016: Azure for On-Premises Administrators (MPN17829),7/12/2017 16:38,English,https://partneruniversity.microsoft.com/?whr=uri:MicrosoftAccount&courseId=17829
MPN17830,Windows Server 2016 Security (MPN17830),7/12/2017 16:45,English,https://partneruniversity.microsoft.com/?whr=uri:MicrosoftAccount&courseId=17830
MPN17831,Windows Server 2016 Availability (MPN17831),7/12/2017 16:40,English,https://partneruniversity.microsoft.com/?whr=uri:MicrosoftAccount&courseId=17831
MPN17832,Cloud App Security (MPN17832),7/13/2017 13:48,English,https://partneruniversity.microsoft.com/?whr=uri:MicrosoftAccount&courseId=17832
MPN17833,SharePoint Server 2013 (MPN17833),7/12/2017 16:11,English,https://partneruniversity.microsoft.com/?whr=uri:MicrosoftAccount&courseId=17833
MPN17847,Application Platform: Web Application (MPN17847),7/19/2017 16:36,English,https://partneruniversity.microsoft.com/?whr=uri:MicrosoftAccount&courseId=17847
MPN17848,Application Platform: Mobile applications (MPN17848),7/19/2017 16:31,English,https://partneruniversity.microsoft.com/?whr=uri:MicrosoftAccount&courseId=17848
MPN17849,Application platform: Digital Media (MPN17849),7/19/2017 16:25,English,https://partneruniversity.microsoft.com/?whr=uri:MicrosoftAccount&courseId=17849
MPN17850,"DevOps - Scenarios, Mobile & Dev Test (MPN17850)",7/24/2017 14:56,English,https://partneruniversity.microsoft.com/?whr=uri:MicrosoftAccount&courseId=17850
MPN17855,Hybrid Cloud Infrastructure for Sales (MPN17855),7/27/2017 22:06,English,https://partneruniversity.microsoft.com/?whr=uri:MicrosoftAccount&courseId=17855
MPN17856,Hybrid Cloud Infrastructure - Technical Sales Architecture Guidance (MPN17856),7/25/2017 18:15,English,https://partneruniversity.microsoft.com/?whr=uri:MicrosoftAccount&courseId=17856
MPN17857,Hybrid Cloud Infrastructure - Technical Sales Scenarios (MPN17857),7/25/2017 18:06,English,https://partneruniversity.microsoft.com/?whr=uri:MicrosoftAccount&courseId=17857
MPN17858,Hybrid Cloud Management and Security for Sales and Technical Sales (MPN17858),7/25/2017 18:12,English,https://partneruniversity.microsoft.com/?whr=uri:MicrosoftAccount&courseId=17858
MPN17866,Cloud Solution Provider Licensing Basics for ISVs (MPN17866),7/27/2017 21:25,English,https://partneruniversity.microsoft.com/?whr=uri:MicrosoftAccount&courseId=17866
MPN17889,Microsoft’s Ethics & Integrity Training_es-MX (MPN17889),8/9/2017 17:24,Spanish (Latin America),https://partneruniversity.microsoft.com/?whr=uri:MicrosoftAccount&courseId=17889
MPN17890,Microsoft’s Ethics & Integrity Training_es-MX (MPN17890),8/14/2017 15:55,Spanish (Latin America),https://partneruniversity.microsoft.com/?whr=uri:MicrosoftAccount&courseId=17890
MPN17891,Microsoft’s Ethics & Integrity Training_es-MX (MPN17891),8/9/2017 17:12,Spanish (Latin America),https://partneruniversity.microsoft.com/?whr=uri:MicrosoftAccount&courseId=17891
MPN17892,Microsoft’s Ethics & Integrity Training_es-MX (MPN17892),8/9/2017 17:20,Spanish (Latin America),https://partneruniversity.microsoft.com/?whr=uri:MicrosoftAccount&courseId=17892
MPN17894,Microsoft’s Ethics & Integrity Training_fr-FR (MPN17894),8/11/2017 19:09,French,https://partneruniversity.microsoft.com/?whr=uri:MicrosoftAccount&courseId=17894
MPN17898,Microsoft’s Ethics & Integrity Training_fr-FR (MPN17898),8/11/2017 19:05,French,https://partneruniversity.microsoft.com/?whr=uri:MicrosoftAccount&courseId=17898
MPN17899,Microsoft’s Ethics & Integrity Training_fr-FR (MPN17899),8/14/2017 15:59,French,https://partneruniversity.microsoft.com/?whr=uri:MicrosoftAccount&courseId=17899
MPN17900,Microsoft’s Ethics & Integrity Training_fr-FR (MPN17900),8/11/2017 19:01,French,https://partneruniversity.microsoft.com/?whr=uri:MicrosoftAccount&courseId=17900
MPN17901,Microsoft’s Ethics & Integrity Training_de-DE (MPN17901),8/21/2017 17:39,German,https://partneruniversity.microsoft.com/?whr=uri:MicrosoftAccount&courseId=17901
MPN17902,Microsoft’s Ethics & Integrity Training_pt-BR (MPN17902),8/15/2017 15:54,Portuguese (Brazil),https://partneruniversity.microsoft.com/?whr=uri:MicrosoftAccount&courseId=17902
MPN17909,Microsoft’s Ethics & Integrity Training_pt-BR (MPN17909),8/15/2017 16:09,Portuguese (Brazil),https://partneruniversity.microsoft.com/?whr=uri:MicrosoftAccount&courseId=17909
MPN17910,Microsoft’s Ethics & Integrity Training_pt-BR (MPN17910),8/15/2017 16:12,Portuguese (Brazil),https://partneruniversity.microsoft.com/?whr=uri:MicrosoftAccount&courseId=17910
MPN17911,Microsoft’s Ethics & Integrity Training_pt-BR (MPN17911),8/15/2017 16:15,Portuguese (Brazil),https://partneruniversity.microsoft.com/?whr=uri:MicrosoftAccount&courseId=17911
MPN17912,Microsoft’s Ethics & Integrity Training_ru-RU (MPN17912),8/15/2017 15:50,Russian,https://partneruniversity.microsoft.com/?whr=uri:MicrosoftAccount&courseId=17912
MPN17913,Microsoft’s Ethics & Integrity Training_ru-RU (MPN17913),8/15/2017 15:45,Russian,https://partneruniversity.microsoft.com/?whr=uri:MicrosoftAccount&courseId=17913
MPN17915,Microsoft’s Ethics & Integrity Training_ru-RU (MPN17915),8/15/2017 15:42,Russian,https://partneruniversity.microsoft.com/?whr=uri:MicrosoftAccount&courseId=17915
MPN17916,Microsoft’s Ethics & Integrity Training_ru-RU (MPN17916),8/15/2017 15:38,Russian,https://partneruniversity.microsoft.com/?whr=uri:MicrosoftAccount&courseId=17916
MPN17919,Microsoft’s Ethics & Integrity Training_de-DE (MPN17919),8/21/2017 17:44,German,https://partneruniversity.microsoft.com/?whr=uri:MicrosoftAccount&courseId=17919
MPN17920,Microsoft’s Ethics & Integrity Training_de-DE (MPN17920),8/21/2017 17:46,German,https://partneruniversity.microsoft.com/?whr=uri:MicrosoftAccount&courseId=17920
MPN17921,Microsoft’s Ethics & Integrity Training_de-DE (MPN17921),8/21/2017 17:51,German,https://partneruniversity.microsoft.com/?whr=uri:MicrosoftAccount&courseId=17921
MPN17924,Microsoft’s Ethics & Integrity Training_ja-JP (MPN17924),8/22/2017 18:59,Japanese,https://partneruniversity.microsoft.com/?whr=uri:MicrosoftAccount&courseId=17924
MPN17925,Microsoft’s Ethics & Integrity Training_ja-JP (MPN17925),8/22/2017 19:02,Japanese,https://partneruniversity.microsoft.com/?whr=uri:MicrosoftAccount&courseId=17925
MPN17926,Microsoft’s Ethics & Integrity Training_ja-JP (MPN17926),8/22/2017 19:04,Japanese,https://partneruniversity.microsoft.com/?whr=uri:MicrosoftAccount&courseId=17926
MPN17927,Microsoft’s Ethics & Integrity Training_ja-JP (MPN17927),8/22/2017 19:07,Japanese,https://partneruniversity.microsoft.com/?whr=uri:MicrosoftAccount&courseId=17927
MPN17930,Microsoft’s Ethics & Integrity Training_zh-CN (MPN17930),8/21/2017 17:54,Chinese Simplified,https://partneruniversity.microsoft.com/?whr=uri:MicrosoftAccount&courseId=17930
MPN17931,Microsoft’s Ethics & Integrity Training_zh-CN (MPN17931),8/21/2017 17:57,Chinese Simplified,https://partneruniversity.microsoft.com/?whr=uri:MicrosoftAccount&courseId=17931
MPN17936,Microsoft’s Ethics & Integrity Training_zh-CN (MPN17936),8/21/2017 18:01,Chinese Simplified,https://partneruniversity.microsoft.com/?whr=uri:MicrosoftAccount&courseId=17936
MPN17939,Microsoft’s Ethics & Integrity Training_zh-CN (MPN17939),8/21/2017 18:03,Chinese Simplified,https://partneruniversity.microsoft.com/?whr=uri:MicrosoftAccount&courseId=17939
MPN17940,Microsoft’s Ethics & Integrity Training_zh-TW (MPN17940),8/22/2017 19:17,Chinese Traditional,https://partneruniversity.microsoft.com/?whr=uri:MicrosoftAccount&courseId=17940
MPN17948,Microsoft’s Ethics & Integrity Training_zh-TW (MPN17948),8/22/2017 19:15,Chinese Traditional,https://partneruniversity.microsoft.com/?whr=uri:MicrosoftAccount&courseId=17948
MPN17949,Microsoft’s Ethics & Integrity Training_ko-KR (MPN17949),8/23/2017 16:26,Korean,https://partneruniversity.microsoft.com/?whr=uri:MicrosoftAccount&courseId=17949
MPN17953,Microsoft’s Ethics & Integrity Training_zh-TW (MPN17953),8/22/2017 19:12,Chinese Traditional,https://partneruniversity.microsoft.com/?whr=uri:MicrosoftAccount&courseId=17953
MPN17954,Microsoft’s Ethics & Integrity Training_zh-TW (MPN17954),8/22/2017 19:10,Chinese Traditional,https://partneruniversity.microsoft.com/?whr=uri:MicrosoftAccount&courseId=17954
MPN17961,Microsoft’s Ethics & Integrity Training_ko-KR (MPN17961),8/23/2017 16:23,Korean,https://partneruniversity.microsoft.com/?whr=uri:MicrosoftAccount&courseId=17961
MPN17962,Microsoft’s Ethics & Integrity Training_ko-KR (MPN17962),8/23/2017 16:30,Korean,https://partneruniversity.microsoft.com/?whr=uri:MicrosoftAccount&courseId=17962
MPN17963,Microsoft’s Ethics & Integrity Training_ko-KR (MPN17963),8/23/2017 16:34,Korean,https://partneruniversity.microsoft.com/?whr=uri:MicrosoftAccount&courseId=17963
MPN17965,Microsoft’s Ethics & Integrity Training_it-IT (MPN17965),9/13/2017 15:54,Italian,https://partneruniversity.microsoft.com/?whr=uri:MicrosoftAccount&courseId=17965
MPN17974,Microsoft’s Ethics & Integrity Training_it-IT (MPN17974),9/13/2017 15:57,Italian,https://partneruniversity.microsoft.com/?whr=uri:MicrosoftAccount&courseId=17974
MPN17975,Microsoft’s Ethics & Integrity Training_it-IT (MPN17975),9/13/2017 16:00,Italian,https://partneruniversity.microsoft.com/?whr=uri:MicrosoftAccount&courseId=17975
MPN17976,Microsoft’s Ethics & Integrity Training_it-IT (MPN17976),9/13/2017 16:03,Italian,https://partneruniversity.microsoft.com/?whr=uri:MicrosoftAccount&courseId=17976
MPN17977,Microsoft’s Ethics & Integrity Training_ar-AE (MPN17977),8/31/2017 21:56,Arabic,https://partneruniversity.microsoft.com/?whr=uri:MicrosoftAccount&courseId=17977
MPN17978,Microsoft’s Ethics & Integrity Training_ar-AE (MPN17978),8/31/2017 21:53,Arabic,https://partneruniversity.microsoft.com/?whr=uri:MicrosoftAccount&courseId=17978
MPN17983,Microsoft 365 Partner Security Skills Assessment (MPN17983),8/31/2017 21:24,English,https://partneruniversity.microsoft.com/?whr=uri:MicrosoftAccount&courseId=17983
MPN17984,Microsoft’s Ethics & Integrity Training_ar-AE (MPN17984),9/13/2017 15:44,Arabic,https://partneruniversity.microsoft.com/?whr=uri:MicrosoftAccount&courseId=17984
MPN17985,Microsoft’s Ethics & Integrity Training_ar-AE (MPN17985),8/31/2017 21:58,Arabic,https://partneruniversity.microsoft.com/?whr=uri:MicrosoftAccount&courseId=17985
17986,Microsoft Relationship Sales Solution for Presales and Sales Specialists,8/30/2017 20:24,English,https://partneruniversity.microsoft.com/?whr=uri:MicrosoftAccount&courseId=17986
MPN17987,Comparing the Cloud Solution Provider (CSP) Program and the Enterprise Agreement (MPN17987),8/31/2017 21:16,English,https://partneruniversity.microsoft.com/?whr=uri:MicrosoftAccount&courseId=17987
MPN17988,Cloud Suite Offers for Education (MPN17988),8/31/2017 21:18,English,https://partneruniversity.microsoft.com/?whr=uri:MicrosoftAccount&courseId=17988
MPN17989,Microsoft 365 Partner Compliance Skills Assessment (MPN17989),9/6/2017 16:53,English,https://partneruniversity.microsoft.com/?whr=uri:MicrosoftAccount&courseId=17989
MPN17996,Artificial Intelligence (MPN17996),9/11/2017 15:49,English,https://partneruniversity.microsoft.com/?whr=uri:MicrosoftAccount&courseId=17996
MPN17997,Deploying Desktop Virtualization Technologies (MPN17997),9/11/2017 15:34,English,https://partneruniversity.microsoft.com/?whr=uri:MicrosoftAccount&courseId=17997
MPN17998,Windows 10 IoT (MPN17998),9/11/2017 15:39,English,https://partneruniversity.microsoft.com/?whr=uri:MicrosoftAccount&courseId=17998
MPN17999,Exam 70-333 Prep: Deploying Enterprise Voice with Skype for Business 2015,9/11/2017 15:45,English,https://partneruniversity.microsoft.com/?whr=uri:MicrosoftAccount&courseId=17999
MPN18000,Exam 70-334 Prep: Core Solutions of Microsoft Skype for Business 2015,9/11/2017 15:54,English,https://partneruniversity.microsoft.com/?whr=uri:MicrosoftAccount&courseId=18000
MPN18001,Introduction to Bots (MPN18001),9/20/2017 16:35,English,https://partneruniversity.microsoft.com/?whr=uri:MicrosoftAccount&courseId=18001
MPN18002,Azure Stack Resources (MPN18002),9/12/2017 16:26,English,https://partneruniversity.microsoft.com/?whr=uri:MicrosoftAccount&courseId=18002
MPN18003,Introduction to Microsoft Cognitive Services (MPN18003),9/12/2017 16:36,English,https://partneruniversity.microsoft.com/?whr=uri:MicrosoftAccount&courseId=18003
MPN18004,Data Center Transformation (MPN18004),9/12/2017 16:38,English,https://partneruniversity.microsoft.com/?whr=uri:MicrosoftAccount&courseId=18004
MPN18005,Software-defined data center (MPN18005),9/13/2017 15:14,English,https://partneruniversity.microsoft.com/?whr=uri:MicrosoftAccount&courseId=18005
MPN18008,"Office 365: What is it?, Customer Benefits and Partner Opportunities (MPN18008)",9/13/2017 15:25,English,https://partneruniversity.microsoft.com/?whr=uri:MicrosoftAccount&courseId=18008
MPN18009,Selling Office 365 to Small and Medium Business (MPN18009),9/13/2017 15:28,English,https://partneruniversity.microsoft.com/?whr=uri:MicrosoftAccount&courseId=18009
MPN18010,O365 Selling Tools and Licensing (MPN18010),9/13/2017 15:33,English,https://partneruniversity.microsoft.com/?whr=uri:MicrosoftAccount&courseId=18010
18039,Associate Level 1 - Introduction to the Surface Family (18039),9/21/2017 16:02,English,https://partneruniversity.microsoft.com/?whr=uri:MicrosoftAccount&courseId=18039
MPN18096,Microsoft Azure course: Azure Administrator - Virtual Machines (MPN18096),10/6/2017 15:12,English,https://partneruniversity.microsoft.com/?whr=uri:MicrosoftAccount&courseId=18096
MPN18097,Microsoft Azure course: Azure Administrator - Monitoring (MPN18097),10/6/2017 15:22,English,https://partneruniversity.microsoft.com/?whr=uri:MicrosoftAccount&courseId=18097
MPN18098,Microsoft Azure course: Azure Administrator - Security (MPN18098),10/6/2017 15:02,English,https://partneruniversity.microsoft.com/?whr=uri:MicrosoftAccount&courseId=18098
MPN18099,Microsoft Azure course: Azure Administrator - Hybrid Identity (MPN18099),10/6/2017 15:29,English,https://partneruniversity.microsoft.com/?whr=uri:MicrosoftAccount&courseId=18099
MPN18100,Microsoft Azure course: Azure Administrator - Azure Resource Manager (MPN18100),10/6/2017 14:33,English,https://partneruniversity.microsoft.com/?whr=uri:MicrosoftAccount&courseId=18100
MPN18101,Microsoft Azure course: Azure Administrator - Azure Networking (MPN18101),10/4/2017 19:38,English,https://partneruniversity.microsoft.com/?whr=uri:MicrosoftAccount&courseId=18101
MPN18102,Microsoft Azure course: Azure Administrator - Automating Deployment and Scale (MPN18102),10/6/2017 14:57,English,https://partneruniversity.microsoft.com/?whr=uri:MicrosoftAccount&courseId=18102
MPN18103,Microsoft Azure course: Azure Stack (MPN18103),10/6/2017 15:07,English,https://partneruniversity.microsoft.com/?whr=uri:MicrosoftAccount&courseId=18103
MPN18105,Microsoft Azure course: Azure Solution Architect - Cloud Patterns and Architecture (MPN18105),10/6/2017 14:53,English,https://partneruniversity.microsoft.com/?whr=uri:MicrosoftAccount&courseId=18105
MPN18106,Microsoft Azure course: Azure Solution Architect - Compute Solutions (MPN18106),10/6/2017 14:51,English,https://partneruniversity.microsoft.com/?whr=uri:MicrosoftAccount&courseId=18106
MPN18107,Microsoft Azure course: Azure Solution Architect - Networking Solutions (MPN18107),10/6/2017 14:50,English,https://partneruniversity.microsoft.com/?whr=uri:MicrosoftAccount&courseId=18107
MPN18108,Microsoft Azure course: Azure Solution Architect - Security Solutions (MPN18108),10/6/2017 14:49,English,https://partneruniversity.microsoft.com/?whr=uri:MicrosoftAccount&courseId=18108
MPN18109,Microsoft Azure course: Node.js Developer on Azure 101 (MPN18109),10/6/2017 14:46,English,https://partneruniversity.microsoft.com/?whr=uri:MicrosoftAccount&courseId=18109
MPN18110,Microsoft Azure course: Node.js Developer on Azure Cloud Patterns and Architecture (MPN18110),10/6/2017 14:44,English,https://partneruniversity.microsoft.com/?whr=uri:MicrosoftAccount&courseId=18110
MPN18111,Microsoft Azure course: Node.js Developer on Azure Secure Services and Applications (MPN18111),10/6/2017 14:43,English,https://partneruniversity.microsoft.com/?whr=uri:MicrosoftAccount&courseId=18111
MPN18112,Microsoft Azure course: .NET Development with Azure 101 (MPN18112),10/6/2017 14:40,English,https://partneruniversity.microsoft.com/?whr=uri:MicrosoftAccount&courseId=18112
MPN18113,Microsoft Azure course: .NET Development with Azure Cloud Patterns and Architecture (MPN18113),10/6/2017 14:39,English,https://partneruniversity.microsoft.com/?whr=uri:MicrosoftAccount&courseId=18113
MPN18114,Microsoft Azure course: .NET Development with Azure Secure Services and Applications (MPN18114),10/6/2017 14:37,English,https://partneruniversity.microsoft.com/?whr=uri:MicrosoftAccount&courseId=18114
MPN18115,AI Developer on Azure 101 (MPN18115),10/9/2017 14:44,English,https://partneruniversity.microsoft.com/?whr=uri:MicrosoftAccount&courseId=18115
MPN18116,AI Developer on Azure - Cognitive Services (MPN18116),10/9/2017 14:45,English,https://partneruniversity.microsoft.com/?whr=uri:MicrosoftAccount&courseId=18116
MPN18117,AI Developer on Azure - Integrating advanced machine learning (MPN18117),10/9/2017 14:47,English,https://partneruniversity.microsoft.com/?whr=uri:MicrosoftAccount&courseId=18117
MPN18118,Microsoft Azure course: Azure for AWS Professionals (MPN18118),10/6/2017 14:35,English,https://partneruniversity.microsoft.com/?whr=uri:MicrosoftAccount&courseId=18118
MPN18123,Opportunities with General Data Protection Regulation (GDPR) (MPN18123),10/12/2017 14:23,English,https://partneruniversity.microsoft.com/?whr=uri:MicrosoftAccount&courseId=18123
MPN18129,Collaboration with O365 Applications (MPN18129),10/12/2017 18:29,English,https://partneruniversity.microsoft.com/?whr=uri:MicrosoftAccount&courseId=18129
MPN18130,Deep Dive into O365 Collaboration & Productivity Solutions (MPN18130),10/12/2017 18:37,English,https://partneruniversity.microsoft.com/?whr=uri:MicrosoftAccount&courseId=18130
MPN18131,Understanding Cloud Voice Benefits and How to Enable Skype for Business Customers (MPN18131),10/16/2017 20:24,English,https://partneruniversity.microsoft.com/?whr=uri:MicrosoftAccount&courseId=18131
MPN18133,Understanding the Security & Compliance Benefits in Office 365 (MPN18133),10/12/2017 19:04,English,https://partneruniversity.microsoft.com/?whr=uri:MicrosoftAccount&courseId=18133
MPN18134,Security & Compliance in Office 365: A Deeper Look (MPN18134),10/17/2017 15:23,English,https://partneruniversity.microsoft.com/?whr=uri:MicrosoftAccount&courseId=18134
MPN18136,Introduction to Microsoft 365 - Enterprise Mobility & Security Solutions (MPN18136),10/12/2017 18:53,English,https://partneruniversity.microsoft.com/?whr=uri:MicrosoftAccount&courseId=18136
MPN18144,C+E University: Internet of Things (IoT) Technical Sales Training Series (Oct-Nov 2017) (MPN18144),10/19/2017 14:33,English,https://partneruniversity.microsoft.com/?whr=uri:MicrosoftAccount&courseId=18144
MPN18188,Learning LinkedIn Sales Navigator (MPN18188),11/14/2017 16:12,English,https://partneruniversity.microsoft.com/?whr=uri:MicrosoftAccount&courseId=18188
18190,Dynamics 365 Blitz and Blitz On-Demand - Accelerating Digital Transformation,11/15/2017 17:55,English,https://partneruniversity.microsoft.com/?whr=uri:MicrosoftAccount&courseId=18190
MPN18191,Microsoft 365 Business Sales Series (MPN18191),11/17/2017 16:24,English,https://partneruniversity.microsoft.com/?whr=uri:MicrosoftAccount&courseId=18191
MPN18192,Microsoft 365 Business Sales Resources (MPN18192),11/20/2017 16:21,English,https://partneruniversity.microsoft.com/?whr=uri:MicrosoftAccount&courseId=18192
MPN18193,Microsoft 365 Business Technical Sales Series (MPN18193),11/17/2017 16:36,English,https://partneruniversity.microsoft.com/?whr=uri:MicrosoftAccount&courseId=18193
MPN18199,C+E University: Data & AI Online Sales Training Series (Oct-Dec 2017),11/20/2017 16:29,English,https://partneruniversity.microsoft.com/?whr=uri:MicrosoftAccount&courseId=18199
MPN18206,2017 Microsoft Summit Build With Series - Empower your Employees (MPN18206),11/27/2017 19:05,English,https://partneruniversity.microsoft.com/?whr=uri:MicrosoftAccount&courseId=18206
MPN18207,2017 Microsoft Summit Build With Series - Engage your Customers (MPN18207),11/27/2017 19:12,English,https://partneruniversity.microsoft.com/?whr=uri:MicrosoftAccount&courseId=18207
MPN18208,2017 Microsoft Summit Build With Series - Optimise your Operations (MPN18208),11/27/2017 19:08,English,https://partneruniversity.microsoft.com/?whr=uri:MicrosoftAccount&courseId=18208
MPN18209,2017 Microsoft Summit Build With Series - Transform your Products (MPN18209),11/27/2017 19:10,English,https://partneruniversity.microsoft.com/?whr=uri:MicrosoftAccount&courseId=18209
MPN18210,2017 Microsoft Summit - Go to Market (MPN18210),11/27/2017 19:23,English,https://partneruniversity.microsoft.com/?whr=uri:MicrosoftAccount&courseId=18210
MPN18211,2017 Microsoft Summit Market Opportunity Series - Digital Transformation (MPN18211),11/27/2017 19:17,English,https://partneruniversity.microsoft.com/?whr=uri:MicrosoftAccount&courseId=18211
MPN18212,2017 Microsoft Summit Market Opportunity Series - Industry (MPN18212),11/27/2017 19:26,English,https://partneruniversity.microsoft.com/?whr=uri:MicrosoftAccount&courseId=18212
MPN18213,2017 Microsoft Summit Market Opportunity Series – Trends (MPN18213),11/27/2017 19:25,English,https://partneruniversity.microsoft.com/?whr=uri:MicrosoftAccount&courseId=18213
MPN18230,Azure Stack Support and Troubleshooting (MPN18230),12/4/2017 16:27,English,https://partneruniversity.microsoft.com/?whr=uri:MicrosoftAccount&courseId=18230
MPN18237,General Data Protection Regulation (GDPR) Foundational Training (MPN18237),12/14/2017 17:42,English,https://partneruniversity.microsoft.com/?whr=uri:MicrosoftAccount&courseId=18237
MPN18246,Successfully Selling Surface Hub (MPN18246),1/11/2018 19:14,English,https://partneruniversity.microsoft.com/?whr=uri:MicrosoftAccount&courseId=18246
MPN18256,Windows Defender Advanced Threat Protection (WDATP) (MPN18256),1/23/2018 17:02,English,https://partneruniversity.microsoft.com/?whr=uri:MicrosoftAccount&courseId=18256
MPN18271,Partner Licensing Guidance FY18 (MPN18271),2/1/2018 15:34,English,https://partneruniversity.microsoft.com/?whr=uri:MicrosoftAccount&courseId=18271
18296,Master Level 1 - Learn about Surface Hub (18296),2/9/2018 16:12,English,https://partneruniversity.microsoft.com/?whr=uri:MicrosoftAccount&courseId=18296
18291,Professional Level 4 - Learn about Surface Studio (18291),2/9/2018 16:22,English,https://partneruniversity.microsoft.com/?whr=uri:MicrosoftAccount&courseId=18291
18290,Professional Level 3 - Learn about Surface Laptop (18290),2/9/2018 16:27,English,https://partneruniversity.microsoft.com/?whr=uri:MicrosoftAccount&courseId=18290
18289,Professional Level 2 - Surface Book Sales Conversation (18289),2/9/2018 16:31,English,https://partneruniversity.microsoft.com/?whr=uri:MicrosoftAccount&courseId=18289
18288,Professional Level 1 - Learn about Surface Book (18288),2/9/2018 16:52,English,https://partneruniversity.microsoft.com/?whr=uri:MicrosoftAccount&courseId=18288
18287,Associate Level 4 - The new Surface Pro in Action + Partner Resources (18287),2/9/2018 16:57,English,https://partneruniversity.microsoft.com/?whr=uri:MicrosoftAccount&courseId=18287
18286,Associate Level 3 - The new Surface Pro Sales Conversation (18286),2/9/2018 17:00,English,https://partneruniversity.microsoft.com/?whr=uri:MicrosoftAccount&courseId=18286
18292,Dynamics 365 Blitz and Blitz On-Demand - Accelerating Digital Transformation (zh-CN),2/12/2018 17:33,Chinese Simplified,https://partneruniversity.microsoft.com/?whr=uri:MicrosoftAccount&courseId=18292
18295,Master Level 2 - Surface Hub Sales Conversation (18295),2/9/2018 17:18,English,https://partneruniversity.microsoft.com/?whr=uri:MicrosoftAccount&courseId=18295
18293,Master Level 3 – Learn About the Modern Workplace with Surface (18293),2/12/2018 17:53,English,https://partneruniversity.microsoft.com/?whr=uri:MicrosoftAccount&courseId=18293
18285,Associate Level 2 - Learn about the new Surface Pro (18285),2/12/2018 17:56,English,https://partneruniversity.microsoft.com/?whr=uri:MicrosoftAccount&courseId=18285
18298,Dynamics 365 Blitz and Blitz On-Demand - Accelerating Digital Transformation (zh-TW),2/12/2018 17:24,Chinese Traditional,https://partneruniversity.microsoft.com/?whr=uri:MicrosoftAccount&courseId=18298
18299,Dynamics 365 Blitz and Blitz On-Demand - Accelerating Digital Transformation (fr-FR),2/12/2018 17:45,French,https://partneruniversity.microsoft.com/?whr=uri:MicrosoftAccount&courseId=18299
18302,Dynamics 365 Blitz and Blitz On-Demand - Accelerating Digital Transformation (de-DE),2/14/2018 23:28,German,https://partneruniversity.microsoft.com/?whr=uri:MicrosoftAccount&courseId=18302
18303,Dynamics 365 Blitz and Blitz On-Demand - Accelerating Digital Transformation (es-MX),2/14/2018 23:29,Spanish,https://partneruniversity.microsoft.com/?whr=uri:MicrosoftAccount&courseId=18303
18304,Dynamics 365 Blitz and Blitz On-Demand - Accelerating Digital Transformation (ja-JP),2/14/2018 23:29,Japanese,https://partneruniversity.microsoft.com/?whr=uri:MicrosoftAccount&courseId=18304
MPN18313,SAP on Azure Advanced (MPN18313),2/26/2018 20:06,English,https://partneruniversity.microsoft.com/?whr=uri:MicrosoftAccount&courseId=18313
MPN18320,M365 Cloud Voice Services: a deep dive into Calling Plan (MPN18320),2/27/2018 16:07,English,https://partneruniversity.microsoft.com/?whr=uri:MicrosoftAccount&courseId=18320
MPN18325,SAP on Azure Intermediate (MPN18325),3/6/2018 15:56,English,https://partneruniversity.microsoft.com/?whr=uri:MicrosoftAccount&courseId=18325
MPN18324,SAP on Azure Beginner (MPN18324),3/7/2018 16:56,English,https://partneruniversity.microsoft.com/?whr=uri:MicrosoftAccount&courseId=18324
MPN18336,Exam 70-779 Prep: Analyzing and Visualizing Data with Microsoft Excel,3/9/2018 15:30,English,https://partneruniversity.microsoft.com/?whr=uri:MicrosoftAccount&courseId=18336
MPN18339,Exam 70-774 Prep: Perform Cloud Data Science with Azure Machine Learning,3/9/2018 16:05,English,https://partneruniversity.microsoft.com/?whr=uri:MicrosoftAccount&courseId=18339
MPN18341,Exam 70-776 Prep: Perform Big Data Engineering on Microsoft Cloud Services,3/9/2018 16:06,English,https://partneruniversity.microsoft.com/?whr=uri:MicrosoftAccount&courseId=18341
MPN18337,Exam 70-778 Prep: Analyzing and Visualizing Data with Microsoft Power BI,3/9/2018 16:07,English,https://partneruniversity.microsoft.com/?whr=uri:MicrosoftAccount&courseId=18337
MPN18338,Exam 70-775 Prep: Perform Data Engineering on Microsoft Azure HDInsight,3/9/2018 16:22,English,https://partneruniversity.microsoft.com/?whr=uri:MicrosoftAccount&courseId=18338
MPN18340,Exam 70-773 Prep: Analyzing Big Data with Microsoft R,3/9/2018 16:27,English,https://partneruniversity.microsoft.com/?whr=uri:MicrosoftAccount&courseId=18340
18351,Microsoft Dynamics 365 Spring Sales Blitz,3/21/2018 17:39,English,https://partneruniversity.microsoft.com/?whr=uri:MicrosoftAccount&courseId=18351
18342,AI: Optical Character Recognition using Cognitive Services (18342),3/22/2018 16:43,English,https://partneruniversity.microsoft.com/?whr=uri:MicrosoftAccount&courseId=18342
18347,AI: Custom Deep Neural Network Models for Object Recognition (18347),3/22/2018 17:05,English,https://partneruniversity.microsoft.com/?whr=uri:MicrosoftAccount&courseId=18347
18344,AI: Custom Deep Neural Network models for OCR (18344),3/22/2018 17:16,English,https://partneruniversity.microsoft.com/?whr=uri:MicrosoftAccount&courseId=18344
18343,AI: Image Classification using Cognitive Services (18343),3/22/2018 17:25,English,https://partneruniversity.microsoft.com/?whr=uri:MicrosoftAccount&courseId=18343
18361,Azure Architect Advanced (18361),3/28/2018 14:17,English,https://partneruniversity.microsoft.com/?whr=uri:MicrosoftAccount&courseId=18361
18362,Azure Architect Beginner (18362),3/28/2018 15:12,English,https://partneruniversity.microsoft.com/?whr=uri:MicrosoftAccount&courseId=18362
18357,Azure IT Pro Beginner (18357),3/29/2018 11:57,English,https://partneruniversity.microsoft.com/?whr=uri:MicrosoftAccount&courseId=18357
18358,Azure IT Pro Intermediate (18358),3/29/2018 11:59,English,https://partneruniversity.microsoft.com/?whr=uri:MicrosoftAccount&courseId=18358
18356,Azure IT Pro Advanced (18356),3/29/2018 12:02,English,https://partneruniversity.microsoft.com/?whr=uri:MicrosoftAccount&courseId=18356
18360,Azure Architect Intermediate (18360),3/29/2018 12:05,English,https://partneruniversity.microsoft.com/?whr=uri:MicrosoftAccount&courseId=18360
18359,Azure Stack Advanced (18359),3/29/2018 12:07,English,https://partneruniversity.microsoft.com/?whr=uri:MicrosoftAccount&courseId=18359
18372,Microsoft 365 Teamwork Training (18372),4/5/2018 12:43,English,https://partneruniversity.microsoft.com/?whr=uri:MicrosoftAccount&courseId=18372
18450,Surface Associate Seller Assessment (Level 1 Seller) (18450),5/24/2018 21:19,English,https://partneruniversity.microsoft.com/?whr=uri:MicrosoftAccount&courseId=18450
18452,Surface Professional Seller Assessment (Level 2 Seller) (18452),5/24/2018 21:25,English,https://partneruniversity.microsoft.com/?whr=uri:MicrosoftAccount&courseId=18452
18454,Surface Master Seller Assessment (Level 3 Seller) (18454),5/24/2018 22:07,English,https://partneruniversity.microsoft.com/?whr=uri:MicrosoftAccount&courseId=18454
18473,Azure DevOps Assessment (18473),6/11/2018 19:18,English,https://partneruniversity.microsoft.com/?whr=uri:MicrosoftAccount&courseId=18473
18489,Azure DevOps Assessment_de-DE (18489),6/28/2018 9:14,German,https://partneruniversity.microsoft.com/?whr=uri:MicrosoftAccount&courseId=18489
18492,Azure DevOps Assessment_fr-FR (18492),6/28/2018 9:09,French,https://partneruniversity.microsoft.com/?whr=uri:MicrosoftAccount&courseId=18492
18493,Azure DevOps Assessment_es-MX (18493),6/28/2018 9:08,Spanish (Latin America),https://partneruniversity.microsoft.com/?whr=uri:MicrosoftAccount&courseId=18493
18494,Azure DevOps Assessment_ja-JP (18494),6/28/2018 9:13,Japanese,https://partneruniversity.microsoft.com/?whr=uri:MicrosoftAccount&courseId=18494
18495,Azure DevOps Assessment_pr-BR (18495),6/28/2018 9:13,Portuguese (Brazil),https://partneruniversity.microsoft.com/?whr=uri:MicrosoftAccount&courseId=18495
18496,Azure DevOps Assessment_zh-CN (18496),6/28/2018 9:14,Chinese Simplified,https://partneruniversity.microsoft.com/?whr=uri:MicrosoftAccount&courseId=18496
18497,Microsoft Dynamics 365 Technical Blitz,6/26/2018 11:38,English,https://partneruniversity.microsoft.com/?whr=uri:MicrosoftAccount&courseId=18497
18519,Creating Customer Success with Azure GDPR Compliance (18519),7/11/2018 11:53,English,https://partneruniversity.microsoft.com/?whr=uri:MicrosoftAccount&courseId=18519
18520,Master Level 3 - Selling the Modern Workplace with Surface (18520),7/11/2018 11:53,English,https://partneruniversity.microsoft.com/?whr=uri:MicrosoftAccount&courseId=18520
